

Microchip MPLAB XC8 Assembler V3.10 build 20250813170317 
                                                                                               Sat May  2 14:51:58 2026

Microchip MPLAB XC8 C Compiler v3.10 (Free license) build 20250813170317 Og1 
     1                           	processor	16F15213
     2                           	pagewidth 120
     3                           	opt	flic
     4                           	psect	nvBANK0,global,class=BANK0,space=1,delta=1,noexec
     5                           	psect	cinit,global,class=CODE,space=0,merge=1,delta=2
     6                           	psect	cstackCOMMON,global,class=COMMON,space=1,delta=1,noexec
     7                           	psect	maintext,global,class=CODE,space=0,merge=1,split=1,delta=2
     8                           	psect	text1,local,class=CODE,space=0,merge=1,inline,delta=2
     9                           	psect	text2,local,class=CODE,space=0,merge=1,inline,delta=2
    10                           	psect	text3,local,class=CODE,space=0,merge=1,delta=2
    11                           	psect	text4,local,class=CODE,space=0,merge=1,delta=2
    12                           	psect	text5,local,class=CODE,space=0,merge=1,delta=2
    13                           	psect	text6,local,class=CODE,space=0,merge=1,delta=2
    14                           	psect	text7,local,class=CODE,space=0,merge=1,delta=2
    15                           	psect	text8,local,class=CODE,space=0,merge=1,delta=2
    16                           	psect	text9,local,class=CODE,space=0,merge=1,delta=2
    17                           	psect	intentry,global,class=CODE,space=0,delta=2
    18                           	psect	text11,local,class=CODE,space=0,merge=1,delta=2
    19                           	psect	text12,local,class=CODE,space=0,merge=1,delta=2
    20                           	psect	text13,local,class=CODE,space=0,merge=1,delta=2
    21                           	psect	text14,local,class=CODE,space=0,merge=1,delta=2
    22                           	psect	text15,local,class=CODE,space=0,merge=1,delta=2
    23                           	psect	text16,local,class=CODE,space=0,merge=1,delta=2
    24                           	psect	text17,local,class=CODE,space=0,merge=1,delta=2
    25                           	psect	text18,local,class=CODE,space=0,merge=1,delta=2
    26                           	psect	config,global,abs,ovrld,class=CONFIG,space=4,delta=2,noexec
    27                           	dabs	1,0x7E,2
    28     0000                     
    29                           ; Generated 22/01/2025 GMT
    30                           ; 
    31                           ; Copyright © 2025, Microchip Technology Inc. and its subsidiaries ("Microchip")
    32                           ; All rights reserved.
    33                           ; 
    34                           ; This software is developed by Microchip Technology Inc. and its subsidiaries ("Microch
      +                          ip").
    35                           ; 
    36                           ; Redistribution and use in source and binary forms, with or without modification, are
    37                           ; permitted provided that the following conditions are met:
    38                           ; 
    39                           ;     1. Redistributions of source code must retain the above copyright notice, this lis
      +                          t of
    40                           ;        conditions and the following disclaimer.
    41                           ; 
    42                           ;     2. Redistributions in binary form must reproduce the above copyright notice, this 
      +                          list
    43                           ;        of conditions and the following disclaimer in the documentation and/or other
    44                           ;        materials provided with the distribution. Publication is not required when
    45                           ;        this file is used in an embedded application.
    46                           ; 
    47                           ;     3. Microchip's name may not be used to endorse or promote products derived from th
      +                          is
    48                           ;        software without specific prior written permission.
    49                           ; 
    50                           ; THIS SOFTWARE IS PROVIDED BY MICROCHIP "AS IS" AND ANY EXPRESS OR IMPLIED WARRANTIES,
    51                           ; INCLUDING, BUT NOT LIMITED TO, THE IMPLIED WARRANTIES OF MERCHANTABILITY AND FITNESS F
      +                          OR
    52                           ; PURPOSE ARE DISCLAIMED.  IN NO EVENT SHALL MICROCHIP BE LIABLE FOR ANY DIRECT, INDIREC
      +                          T,
    53                           ; INCIDENTAL, SPECIAL, EXEMPLARY, OR CONSEQUENTIAL DAMAGES (INCLUDING BUT NOT LIMITED TO
    54                           ; PROCUREMENT OF SUBSTITUTE GOODS OR SERVICES; LOSS OF USE, DATA OR PROFITS; OR BUSINESS
    55                           ; INTERRUPTION) HOWSOEVER CAUSED AND ON ANY THEORY OF LIABILITY, WHETHER IN CONTRACT, ST
      +                          RICT
    56                           ; LIABILITY, OR TORT (INCLUDING NEGLIGENCE OR OTHERWISE) ARISING IN ANY WAY OUT OF THE U
      +                          SE OF
    57                           ; THIS SOFTWARE, EVEN IF ADVISED OF THE POSSIBILITY OF SUCH DAMAGE.
    58                           ; 
    59                           ; 
    60                           ; Code-generator required, PIC16F15213 Definitions
    61                           ; 
    62                           ; SFR Addresses
    63     0008                     bsr             equ	8
    64     0005                     fsr0h           equ	5
    65     0004                     fsr0l           equ	4
    66     0007                     fsr1h           equ	7
    67     0006                     fsr1l           equ	6
    68     0000                     indf            equ	0
    69     0000                     indf0           equ	0
    70     0001                     indf1           equ	1
    71     000B                     intcon          equ	11
    72     0002                     pc              equ	2
    73     0002                     pcl             equ	2
    74     000A                     pclath          equ	10
    75     0003                     status          equ	3
    76     0009                     wreg            equ	9
    77     0000                     INDF0           equ	0	;# 
    78     0001                     INDF1           equ	1	;# 
    79     0002                     PCL             equ	2	;# 
    80     0003                     STATUS          equ	3	;# 
    81     0004                     FSR0L           equ	4	;# 
    82     0005                     FSR0H           equ	5	;# 
    83     0006                     FSR1L           equ	6	;# 
    84     0007                     FSR1H           equ	7	;# 
    85     0008                     BSR             equ	8	;# 
    86     0009                     WREG            equ	9	;# 
    87     000A                     PCLATH          equ	10	;# 
    88     000B                     INTCON          equ	11	;# 
    89     000C                     PORTA           equ	12	;# 
    90     0012                     TRISA           equ	18	;# 
    91     0018                     LATA            equ	24	;# 
    92     009A                     CPCON           equ	154	;# 
    93     009B                     ADRES           equ	155	;# 
    94     009B                     ADRESL          equ	155	;# 
    95     009C                     ADRESH          equ	156	;# 
    96     009D                     ADCON0          equ	157	;# 
    97     009E                     ADCON1          equ	158	;# 
    98     009F                     ADACT           equ	159	;# 
    99     0119                     RC1REG          equ	281	;# 
   100     011A                     TX1REG          equ	282	;# 
   101     011B                     SP1BRG          equ	283	;# 
   102     011B                     SP1BRGL         equ	283	;# 
   103     011C                     SP1BRGH         equ	284	;# 
   104     011D                     RC1STA          equ	285	;# 
   105     011E                     TX1STA          equ	286	;# 
   106     011F                     BAUD1CON        equ	287	;# 
   107     018C                     SSP1BUF         equ	396	;# 
   108     018D                     SSP1ADD         equ	397	;# 
   109     018E                     SSP1MSK         equ	398	;# 
   110     018F                     SSP1STAT        equ	399	;# 
   111     0190                     SSP1CON1        equ	400	;# 
   112     0191                     SSP1CON2        equ	401	;# 
   113     0192                     SSP1CON3        equ	402	;# 
   114     020C                     TMR1            equ	524	;# 
   115     020C                     TMR1L           equ	524	;# 
   116     020D                     TMR1H           equ	525	;# 
   117     020E                     T1CON           equ	526	;# 
   118     020E                     TMR1CON         equ	526	;# 
   119     020F                     T1GCON          equ	527	;# 
   120     020F                     TMR1GCON        equ	527	;# 
   121     0210                     T1GATE          equ	528	;# 
   122     0210                     TMR1GATE        equ	528	;# 
   123     0211                     T1CLK           equ	529	;# 
   124     0211                     TMR1CLK         equ	529	;# 
   125     0211                     PR1             equ	529	;# 
   126     028C                     T2TMR           equ	652	;# 
   127     028C                     TMR2            equ	652	;# 
   128     028D                     T2PR            equ	653	;# 
   129     028D                     PR2             equ	653	;# 
   130     028E                     T2CON           equ	654	;# 
   131     028F                     T2HLT           equ	655	;# 
   132     0290                     T2CLKCON        equ	656	;# 
   133     0291                     T2RST           equ	657	;# 
   134     030C                     CCPR1           equ	780	;# 
   135     030C                     CCPR1L          equ	780	;# 
   136     030D                     CCPR1H          equ	781	;# 
   137     030E                     CCP1CON         equ	782	;# 
   138     030F                     CCP1CAP         equ	783	;# 
   139     0310                     CCPR2           equ	784	;# 
   140     0310                     CCPR2L          equ	784	;# 
   141     0311                     CCPR2H          equ	785	;# 
   142     0312                     CCP2CON         equ	786	;# 
   143     0313                     CCP2CAP         equ	787	;# 
   144     0314                     PWM3DC          equ	788	;# 
   145     0314                     PWM3DCL         equ	788	;# 
   146     0315                     PWM3DCH         equ	789	;# 
   147     0316                     PWM3CON         equ	790	;# 
   148     0318                     PWM4DC          equ	792	;# 
   149     0318                     PWM4DCL         equ	792	;# 
   150     0319                     PWM4DCH         equ	793	;# 
   151     031A                     PWM4CON         equ	794	;# 
   152     059C                     TMR0L           equ	1436	;# 
   153     059C                     TMR0            equ	1436	;# 
   154     059D                     TMR0H           equ	1437	;# 
   155     059D                     PR0             equ	1437	;# 
   156     059E                     T0CON0          equ	1438	;# 
   157     059F                     T0CON1          equ	1439	;# 
   158     070C                     PIR0            equ	1804	;# 
   159     070D                     PIR1            equ	1805	;# 
   160     070E                     PIR2            equ	1806	;# 
   161     0716                     PIE0            equ	1814	;# 
   162     0717                     PIE1            equ	1815	;# 
   163     0718                     PIE2            equ	1816	;# 
   164     080C                     WDTCON          equ	2060	;# 
   165     0811                     BORCON          equ	2065	;# 
   166     0813                     PCON0           equ	2067	;# 
   167     0814                     PCON1           equ	2068	;# 
   168     081A                     NVMADR          equ	2074	;# 
   169     081A                     NVMADRL         equ	2074	;# 
   170     081B                     NVMADRH         equ	2075	;# 
   171     081C                     NVMDAT          equ	2076	;# 
   172     081C                     NVMDATL         equ	2076	;# 
   173     081D                     NVMDATH         equ	2077	;# 
   174     081E                     NVMCON1         equ	2078	;# 
   175     081F                     NVMCON2         equ	2079	;# 
   176     088E                     OSCCON          equ	2190	;# 
   177     0890                     OSCSTAT         equ	2192	;# 
   178     0891                     OSCEN           equ	2193	;# 
   179     0892                     OSCTUNE         equ	2194	;# 
   180     0893                     OSCFRQ          equ	2195	;# 
   181     090C                     FVRCON          equ	2316	;# 
   182     1E8F                     PPSLOCK         equ	7823	;# 
   183     1E90                     INTPPS          equ	7824	;# 
   184     1E91                     T0CKIPPS        equ	7825	;# 
   185     1E92                     T1CKIPPS        equ	7826	;# 
   186     1E93                     T1GPPS          equ	7827	;# 
   187     1E9C                     T2INPPS         equ	7836	;# 
   188     1EA1                     CCP1PPS         equ	7841	;# 
   189     1EA2                     CCP2PPS         equ	7842	;# 
   190     1EC3                     ADACTPPS        equ	7875	;# 
   191     1EC5                     SSP1CLKPPS      equ	7877	;# 
   192     1EC6                     SSP1DATPPS      equ	7878	;# 
   193     1EC7                     SSP1SSPPS       equ	7879	;# 
   194     1ECB                     RX1PPS          equ	7883	;# 
   195     1ECB                     RX1DTPPS        equ	7883	;# 
   196     1ECB                     RXPPS           equ	7883	;# 
   197     1ECC                     CK1PPS          equ	7884	;# 
   198     1ECC                     TX1CKPPS        equ	7884	;# 
   199     1ECC                     CKPPS           equ	7884	;# 
   200     1F10                     RA0PPS          equ	7952	;# 
   201     1F11                     RA1PPS          equ	7953	;# 
   202     1F12                     RA2PPS          equ	7954	;# 
   203     1F14                     RA4PPS          equ	7956	;# 
   204     1F15                     RA5PPS          equ	7957	;# 
   205     1F38                     ANSELA          equ	7992	;# 
   206     1F39                     WPUA            equ	7993	;# 
   207     1F3A                     ODCONA          equ	7994	;# 
   208     1F3B                     SLRCONA         equ	7995	;# 
   209     1F3C                     INLVLA          equ	7996	;# 
   210     1F3D                     IOCAP           equ	7997	;# 
   211     1F3E                     IOCAN           equ	7998	;# 
   212     1F3F                     IOCAF           equ	7999	;# 
   213     1FE4                     STATUS_SHAD     equ	8164	;# 
   214     1FE5                     WREG_SHAD       equ	8165	;# 
   215     1FE6                     BSR_SHAD        equ	8166	;# 
   216     1FE7                     PCLATH_SHAD     equ	8167	;# 
   217     1FE8                     FSR0_SHAD       equ	8168	;# 
   218     1FE8                     FSR0L_SHAD      equ	8168	;# 
   219     1FE9                     FSR0H_SHAD      equ	8169	;# 
   220     1FEA                     FSR1L_SHAD      equ	8170	;# 
   221     1FEB                     FSR1H_SHAD      equ	8171	;# 
   222     1FED                     STKPTR          equ	8173	;# 
   223     1FEE                     TOSL            equ	8174	;# 
   224     1FEF                     TOSH            equ	8175	;# 
   225     0000                     INDF0           equ	0	;# 
   226     0001                     INDF1           equ	1	;# 
   227     0002                     PCL             equ	2	;# 
   228     0003                     STATUS          equ	3	;# 
   229     0004                     FSR0L           equ	4	;# 
   230     0005                     FSR0H           equ	5	;# 
   231     0006                     FSR1L           equ	6	;# 
   232     0007                     FSR1H           equ	7	;# 
   233     0008                     BSR             equ	8	;# 
   234     0009                     WREG            equ	9	;# 
   235     000A                     PCLATH          equ	10	;# 
   236     000B                     INTCON          equ	11	;# 
   237     000C                     PORTA           equ	12	;# 
   238     0012                     TRISA           equ	18	;# 
   239     0018                     LATA            equ	24	;# 
   240     009A                     CPCON           equ	154	;# 
   241     009B                     ADRES           equ	155	;# 
   242     009B                     ADRESL          equ	155	;# 
   243     009C                     ADRESH          equ	156	;# 
   244     009D                     ADCON0          equ	157	;# 
   245     009E                     ADCON1          equ	158	;# 
   246     009F                     ADACT           equ	159	;# 
   247     0119                     RC1REG          equ	281	;# 
   248     011A                     TX1REG          equ	282	;# 
   249     011B                     SP1BRG          equ	283	;# 
   250     011B                     SP1BRGL         equ	283	;# 
   251     011C                     SP1BRGH         equ	284	;# 
   252     011D                     RC1STA          equ	285	;# 
   253     011E                     TX1STA          equ	286	;# 
   254     011F                     BAUD1CON        equ	287	;# 
   255     018C                     SSP1BUF         equ	396	;# 
   256     018D                     SSP1ADD         equ	397	;# 
   257     018E                     SSP1MSK         equ	398	;# 
   258     018F                     SSP1STAT        equ	399	;# 
   259     0190                     SSP1CON1        equ	400	;# 
   260     0191                     SSP1CON2        equ	401	;# 
   261     0192                     SSP1CON3        equ	402	;# 
   262     020C                     TMR1            equ	524	;# 
   263     020C                     TMR1L           equ	524	;# 
   264     020D                     TMR1H           equ	525	;# 
   265     020E                     T1CON           equ	526	;# 
   266     020E                     TMR1CON         equ	526	;# 
   267     020F                     T1GCON          equ	527	;# 
   268     020F                     TMR1GCON        equ	527	;# 
   269     0210                     T1GATE          equ	528	;# 
   270     0210                     TMR1GATE        equ	528	;# 
   271     0211                     T1CLK           equ	529	;# 
   272     0211                     TMR1CLK         equ	529	;# 
   273     0211                     PR1             equ	529	;# 
   274     028C                     T2TMR           equ	652	;# 
   275     028C                     TMR2            equ	652	;# 
   276     028D                     T2PR            equ	653	;# 
   277     028D                     PR2             equ	653	;# 
   278     028E                     T2CON           equ	654	;# 
   279     028F                     T2HLT           equ	655	;# 
   280     0290                     T2CLKCON        equ	656	;# 
   281     0291                     T2RST           equ	657	;# 
   282     030C                     CCPR1           equ	780	;# 
   283     030C                     CCPR1L          equ	780	;# 
   284     030D                     CCPR1H          equ	781	;# 
   285     030E                     CCP1CON         equ	782	;# 
   286     030F                     CCP1CAP         equ	783	;# 
   287     0310                     CCPR2           equ	784	;# 
   288     0310                     CCPR2L          equ	784	;# 
   289     0311                     CCPR2H          equ	785	;# 
   290     0312                     CCP2CON         equ	786	;# 
   291     0313                     CCP2CAP         equ	787	;# 
   292     0314                     PWM3DC          equ	788	;# 
   293     0314                     PWM3DCL         equ	788	;# 
   294     0315                     PWM3DCH         equ	789	;# 
   295     0316                     PWM3CON         equ	790	;# 
   296     0318                     PWM4DC          equ	792	;# 
   297     0318                     PWM4DCL         equ	792	;# 
   298     0319                     PWM4DCH         equ	793	;# 
   299     031A                     PWM4CON         equ	794	;# 
   300     059C                     TMR0L           equ	1436	;# 
   301     059C                     TMR0            equ	1436	;# 
   302     059D                     TMR0H           equ	1437	;# 
   303     059D                     PR0             equ	1437	;# 
   304     059E                     T0CON0          equ	1438	;# 
   305     059F                     T0CON1          equ	1439	;# 
   306     070C                     PIR0            equ	1804	;# 
   307     070D                     PIR1            equ	1805	;# 
   308     070E                     PIR2            equ	1806	;# 
   309     0716                     PIE0            equ	1814	;# 
   310     0717                     PIE1            equ	1815	;# 
   311     0718                     PIE2            equ	1816	;# 
   312     080C                     WDTCON          equ	2060	;# 
   313     0811                     BORCON          equ	2065	;# 
   314     0813                     PCON0           equ	2067	;# 
   315     0814                     PCON1           equ	2068	;# 
   316     081A                     NVMADR          equ	2074	;# 
   317     081A                     NVMADRL         equ	2074	;# 
   318     081B                     NVMADRH         equ	2075	;# 
   319     081C                     NVMDAT          equ	2076	;# 
   320     081C                     NVMDATL         equ	2076	;# 
   321     081D                     NVMDATH         equ	2077	;# 
   322     081E                     NVMCON1         equ	2078	;# 
   323     081F                     NVMCON2         equ	2079	;# 
   324     088E                     OSCCON          equ	2190	;# 
   325     0890                     OSCSTAT         equ	2192	;# 
   326     0891                     OSCEN           equ	2193	;# 
   327     0892                     OSCTUNE         equ	2194	;# 
   328     0893                     OSCFRQ          equ	2195	;# 
   329     090C                     FVRCON          equ	2316	;# 
   330     1E8F                     PPSLOCK         equ	7823	;# 
   331     1E90                     INTPPS          equ	7824	;# 
   332     1E91                     T0CKIPPS        equ	7825	;# 
   333     1E92                     T1CKIPPS        equ	7826	;# 
   334     1E93                     T1GPPS          equ	7827	;# 
   335     1E9C                     T2INPPS         equ	7836	;# 
   336     1EA1                     CCP1PPS         equ	7841	;# 
   337     1EA2                     CCP2PPS         equ	7842	;# 
   338     1EC3                     ADACTPPS        equ	7875	;# 
   339     1EC5                     SSP1CLKPPS      equ	7877	;# 
   340     1EC6                     SSP1DATPPS      equ	7878	;# 
   341     1EC7                     SSP1SSPPS       equ	7879	;# 
   342     1ECB                     RX1PPS          equ	7883	;# 
   343     1ECB                     RX1DTPPS        equ	7883	;# 
   344     1ECB                     RXPPS           equ	7883	;# 
   345     1ECC                     CK1PPS          equ	7884	;# 
   346     1ECC                     TX1CKPPS        equ	7884	;# 
   347     1ECC                     CKPPS           equ	7884	;# 
   348     1F10                     RA0PPS          equ	7952	;# 
   349     1F11                     RA1PPS          equ	7953	;# 
   350     1F12                     RA2PPS          equ	7954	;# 
   351     1F14                     RA4PPS          equ	7956	;# 
   352     1F15                     RA5PPS          equ	7957	;# 
   353     1F38                     ANSELA          equ	7992	;# 
   354     1F39                     WPUA            equ	7993	;# 
   355     1F3A                     ODCONA          equ	7994	;# 
   356     1F3B                     SLRCONA         equ	7995	;# 
   357     1F3C                     INLVLA          equ	7996	;# 
   358     1F3D                     IOCAP           equ	7997	;# 
   359     1F3E                     IOCAN           equ	7998	;# 
   360     1F3F                     IOCAF           equ	7999	;# 
   361     1FE4                     STATUS_SHAD     equ	8164	;# 
   362     1FE5                     WREG_SHAD       equ	8165	;# 
   363     1FE6                     BSR_SHAD        equ	8166	;# 
   364     1FE7                     PCLATH_SHAD     equ	8167	;# 
   365     1FE8                     FSR0_SHAD       equ	8168	;# 
   366     1FE8                     FSR0L_SHAD      equ	8168	;# 
   367     1FE9                     FSR0H_SHAD      equ	8169	;# 
   368     1FEA                     FSR1L_SHAD      equ	8170	;# 
   369     1FEB                     FSR1H_SHAD      equ	8171	;# 
   370     1FED                     STKPTR          equ	8173	;# 
   371     1FEE                     TOSL            equ	8174	;# 
   372     1FEF                     TOSH            equ	8175	;# 
   373     0000                     INDF0           equ	0	;# 
   374     0001                     INDF1           equ	1	;# 
   375     0002                     PCL             equ	2	;# 
   376     0003                     STATUS          equ	3	;# 
   377     0004                     FSR0L           equ	4	;# 
   378     0005                     FSR0H           equ	5	;# 
   379     0006                     FSR1L           equ	6	;# 
   380     0007                     FSR1H           equ	7	;# 
   381     0008                     BSR             equ	8	;# 
   382     0009                     WREG            equ	9	;# 
   383     000A                     PCLATH          equ	10	;# 
   384     000B                     INTCON          equ	11	;# 
   385     000C                     PORTA           equ	12	;# 
   386     0012                     TRISA           equ	18	;# 
   387     0018                     LATA            equ	24	;# 
   388     009A                     CPCON           equ	154	;# 
   389     009B                     ADRES           equ	155	;# 
   390     009B                     ADRESL          equ	155	;# 
   391     009C                     ADRESH          equ	156	;# 
   392     009D                     ADCON0          equ	157	;# 
   393     009E                     ADCON1          equ	158	;# 
   394     009F                     ADACT           equ	159	;# 
   395     0119                     RC1REG          equ	281	;# 
   396     011A                     TX1REG          equ	282	;# 
   397     011B                     SP1BRG          equ	283	;# 
   398     011B                     SP1BRGL         equ	283	;# 
   399     011C                     SP1BRGH         equ	284	;# 
   400     011D                     RC1STA          equ	285	;# 
   401     011E                     TX1STA          equ	286	;# 
   402     011F                     BAUD1CON        equ	287	;# 
   403     018C                     SSP1BUF         equ	396	;# 
   404     018D                     SSP1ADD         equ	397	;# 
   405     018E                     SSP1MSK         equ	398	;# 
   406     018F                     SSP1STAT        equ	399	;# 
   407     0190                     SSP1CON1        equ	400	;# 
   408     0191                     SSP1CON2        equ	401	;# 
   409     0192                     SSP1CON3        equ	402	;# 
   410     020C                     TMR1            equ	524	;# 
   411     020C                     TMR1L           equ	524	;# 
   412     020D                     TMR1H           equ	525	;# 
   413     020E                     T1CON           equ	526	;# 
   414     020E                     TMR1CON         equ	526	;# 
   415     020F                     T1GCON          equ	527	;# 
   416     020F                     TMR1GCON        equ	527	;# 
   417     0210                     T1GATE          equ	528	;# 
   418     0210                     TMR1GATE        equ	528	;# 
   419     0211                     T1CLK           equ	529	;# 
   420     0211                     TMR1CLK         equ	529	;# 
   421     0211                     PR1             equ	529	;# 
   422     028C                     T2TMR           equ	652	;# 
   423     028C                     TMR2            equ	652	;# 
   424     028D                     T2PR            equ	653	;# 
   425     028D                     PR2             equ	653	;# 
   426     028E                     T2CON           equ	654	;# 
   427     028F                     T2HLT           equ	655	;# 
   428     0290                     T2CLKCON        equ	656	;# 
   429     0291                     T2RST           equ	657	;# 
   430     030C                     CCPR1           equ	780	;# 
   431     030C                     CCPR1L          equ	780	;# 
   432     030D                     CCPR1H          equ	781	;# 
   433     030E                     CCP1CON         equ	782	;# 
   434     030F                     CCP1CAP         equ	783	;# 
   435     0310                     CCPR2           equ	784	;# 
   436     0310                     CCPR2L          equ	784	;# 
   437     0311                     CCPR2H          equ	785	;# 
   438     0312                     CCP2CON         equ	786	;# 
   439     0313                     CCP2CAP         equ	787	;# 
   440     0314                     PWM3DC          equ	788	;# 
   441     0314                     PWM3DCL         equ	788	;# 
   442     0315                     PWM3DCH         equ	789	;# 
   443     0316                     PWM3CON         equ	790	;# 
   444     0318                     PWM4DC          equ	792	;# 
   445     0318                     PWM4DCL         equ	792	;# 
   446     0319                     PWM4DCH         equ	793	;# 
   447     031A                     PWM4CON         equ	794	;# 
   448     059C                     TMR0L           equ	1436	;# 
   449     059C                     TMR0            equ	1436	;# 
   450     059D                     TMR0H           equ	1437	;# 
   451     059D                     PR0             equ	1437	;# 
   452     059E                     T0CON0          equ	1438	;# 
   453     059F                     T0CON1          equ	1439	;# 
   454     070C                     PIR0            equ	1804	;# 
   455     070D                     PIR1            equ	1805	;# 
   456     070E                     PIR2            equ	1806	;# 
   457     0716                     PIE0            equ	1814	;# 
   458     0717                     PIE1            equ	1815	;# 
   459     0718                     PIE2            equ	1816	;# 
   460     080C                     WDTCON          equ	2060	;# 
   461     0811                     BORCON          equ	2065	;# 
   462     0813                     PCON0           equ	2067	;# 
   463     0814                     PCON1           equ	2068	;# 
   464     081A                     NVMADR          equ	2074	;# 
   465     081A                     NVMADRL         equ	2074	;# 
   466     081B                     NVMADRH         equ	2075	;# 
   467     081C                     NVMDAT          equ	2076	;# 
   468     081C                     NVMDATL         equ	2076	;# 
   469     081D                     NVMDATH         equ	2077	;# 
   470     081E                     NVMCON1         equ	2078	;# 
   471     081F                     NVMCON2         equ	2079	;# 
   472     088E                     OSCCON          equ	2190	;# 
   473     0890                     OSCSTAT         equ	2192	;# 
   474     0891                     OSCEN           equ	2193	;# 
   475     0892                     OSCTUNE         equ	2194	;# 
   476     0893                     OSCFRQ          equ	2195	;# 
   477     090C                     FVRCON          equ	2316	;# 
   478     1E8F                     PPSLOCK         equ	7823	;# 
   479     1E90                     INTPPS          equ	7824	;# 
   480     1E91                     T0CKIPPS        equ	7825	;# 
   481     1E92                     T1CKIPPS        equ	7826	;# 
   482     1E93                     T1GPPS          equ	7827	;# 
   483     1E9C                     T2INPPS         equ	7836	;# 
   484     1EA1                     CCP1PPS         equ	7841	;# 
   485     1EA2                     CCP2PPS         equ	7842	;# 
   486     1EC3                     ADACTPPS        equ	7875	;# 
   487     1EC5                     SSP1CLKPPS      equ	7877	;# 
   488     1EC6                     SSP1DATPPS      equ	7878	;# 
   489     1EC7                     SSP1SSPPS       equ	7879	;# 
   490     1ECB                     RX1PPS          equ	7883	;# 
   491     1ECB                     RX1DTPPS        equ	7883	;# 
   492     1ECB                     RXPPS           equ	7883	;# 
   493     1ECC                     CK1PPS          equ	7884	;# 
   494     1ECC                     TX1CKPPS        equ	7884	;# 
   495     1ECC                     CKPPS           equ	7884	;# 
   496     1F10                     RA0PPS          equ	7952	;# 
   497     1F11                     RA1PPS          equ	7953	;# 
   498     1F12                     RA2PPS          equ	7954	;# 
   499     1F14                     RA4PPS          equ	7956	;# 
   500     1F15                     RA5PPS          equ	7957	;# 
   501     1F38                     ANSELA          equ	7992	;# 
   502     1F39                     WPUA            equ	7993	;# 
   503     1F3A                     ODCONA          equ	7994	;# 
   504     1F3B                     SLRCONA         equ	7995	;# 
   505     1F3C                     INLVLA          equ	7996	;# 
   506     1F3D                     IOCAP           equ	7997	;# 
   507     1F3E                     IOCAN           equ	7998	;# 
   508     1F3F                     IOCAF           equ	7999	;# 
   509     1FE4                     STATUS_SHAD     equ	8164	;# 
   510     1FE5                     WREG_SHAD       equ	8165	;# 
   511     1FE6                     BSR_SHAD        equ	8166	;# 
   512     1FE7                     PCLATH_SHAD     equ	8167	;# 
   513     1FE8                     FSR0_SHAD       equ	8168	;# 
   514     1FE8                     FSR0L_SHAD      equ	8168	;# 
   515     1FE9                     FSR0H_SHAD      equ	8169	;# 
   516     1FEA                     FSR1L_SHAD      equ	8170	;# 
   517     1FEB                     FSR1H_SHAD      equ	8171	;# 
   518     1FED                     STKPTR          equ	8173	;# 
   519     1FEE                     TOSL            equ	8174	;# 
   520     1FEF                     TOSH            equ	8175	;# 
   521     0000                     INDF0           equ	0	;# 
   522     0001                     INDF1           equ	1	;# 
   523     0002                     PCL             equ	2	;# 
   524     0003                     STATUS          equ	3	;# 
   525     0004                     FSR0L           equ	4	;# 
   526     0005                     FSR0H           equ	5	;# 
   527     0006                     FSR1L           equ	6	;# 
   528     0007                     FSR1H           equ	7	;# 
   529     0008                     BSR             equ	8	;# 
   530     0009                     WREG            equ	9	;# 
   531     000A                     PCLATH          equ	10	;# 
   532     000B                     INTCON          equ	11	;# 
   533     000C                     PORTA           equ	12	;# 
   534     0012                     TRISA           equ	18	;# 
   535     0018                     LATA            equ	24	;# 
   536     009A                     CPCON           equ	154	;# 
   537     009B                     ADRES           equ	155	;# 
   538     009B                     ADRESL          equ	155	;# 
   539     009C                     ADRESH          equ	156	;# 
   540     009D                     ADCON0          equ	157	;# 
   541     009E                     ADCON1          equ	158	;# 
   542     009F                     ADACT           equ	159	;# 
   543     0119                     RC1REG          equ	281	;# 
   544     011A                     TX1REG          equ	282	;# 
   545     011B                     SP1BRG          equ	283	;# 
   546     011B                     SP1BRGL         equ	283	;# 
   547     011C                     SP1BRGH         equ	284	;# 
   548     011D                     RC1STA          equ	285	;# 
   549     011E                     TX1STA          equ	286	;# 
   550     011F                     BAUD1CON        equ	287	;# 
   551     018C                     SSP1BUF         equ	396	;# 
   552     018D                     SSP1ADD         equ	397	;# 
   553     018E                     SSP1MSK         equ	398	;# 
   554     018F                     SSP1STAT        equ	399	;# 
   555     0190                     SSP1CON1        equ	400	;# 
   556     0191                     SSP1CON2        equ	401	;# 
   557     0192                     SSP1CON3        equ	402	;# 
   558     020C                     TMR1            equ	524	;# 
   559     020C                     TMR1L           equ	524	;# 
   560     020D                     TMR1H           equ	525	;# 
   561     020E                     T1CON           equ	526	;# 
   562     020E                     TMR1CON         equ	526	;# 
   563     020F                     T1GCON          equ	527	;# 
   564     020F                     TMR1GCON        equ	527	;# 
   565     0210                     T1GATE          equ	528	;# 
   566     0210                     TMR1GATE        equ	528	;# 
   567     0211                     T1CLK           equ	529	;# 
   568     0211                     TMR1CLK         equ	529	;# 
   569     0211                     PR1             equ	529	;# 
   570     028C                     T2TMR           equ	652	;# 
   571     028C                     TMR2            equ	652	;# 
   572     028D                     T2PR            equ	653	;# 
   573     028D                     PR2             equ	653	;# 
   574     028E                     T2CON           equ	654	;# 
   575     028F                     T2HLT           equ	655	;# 
   576     0290                     T2CLKCON        equ	656	;# 
   577     0291                     T2RST           equ	657	;# 
   578     030C                     CCPR1           equ	780	;# 
   579     030C                     CCPR1L          equ	780	;# 
   580     030D                     CCPR1H          equ	781	;# 
   581     030E                     CCP1CON         equ	782	;# 
   582     030F                     CCP1CAP         equ	783	;# 
   583     0310                     CCPR2           equ	784	;# 
   584     0310                     CCPR2L          equ	784	;# 
   585     0311                     CCPR2H          equ	785	;# 
   586     0312                     CCP2CON         equ	786	;# 
   587     0313                     CCP2CAP         equ	787	;# 
   588     0314                     PWM3DC          equ	788	;# 
   589     0314                     PWM3DCL         equ	788	;# 
   590     0315                     PWM3DCH         equ	789	;# 
   591     0316                     PWM3CON         equ	790	;# 
   592     0318                     PWM4DC          equ	792	;# 
   593     0318                     PWM4DCL         equ	792	;# 
   594     0319                     PWM4DCH         equ	793	;# 
   595     031A                     PWM4CON         equ	794	;# 
   596     059C                     TMR0L           equ	1436	;# 
   597     059C                     TMR0            equ	1436	;# 
   598     059D                     TMR0H           equ	1437	;# 
   599     059D                     PR0             equ	1437	;# 
   600     059E                     T0CON0          equ	1438	;# 
   601     059F                     T0CON1          equ	1439	;# 
   602     070C                     PIR0            equ	1804	;# 
   603     070D                     PIR1            equ	1805	;# 
   604     070E                     PIR2            equ	1806	;# 
   605     0716                     PIE0            equ	1814	;# 
   606     0717                     PIE1            equ	1815	;# 
   607     0718                     PIE2            equ	1816	;# 
   608     080C                     WDTCON          equ	2060	;# 
   609     0811                     BORCON          equ	2065	;# 
   610     0813                     PCON0           equ	2067	;# 
   611     0814                     PCON1           equ	2068	;# 
   612     081A                     NVMADR          equ	2074	;# 
   613     081A                     NVMADRL         equ	2074	;# 
   614     081B                     NVMADRH         equ	2075	;# 
   615     081C                     NVMDAT          equ	2076	;# 
   616     081C                     NVMDATL         equ	2076	;# 
   617     081D                     NVMDATH         equ	2077	;# 
   618     081E                     NVMCON1         equ	2078	;# 
   619     081F                     NVMCON2         equ	2079	;# 
   620     088E                     OSCCON          equ	2190	;# 
   621     0890                     OSCSTAT         equ	2192	;# 
   622     0891                     OSCEN           equ	2193	;# 
   623     0892                     OSCTUNE         equ	2194	;# 
   624     0893                     OSCFRQ          equ	2195	;# 
   625     090C                     FVRCON          equ	2316	;# 
   626     1E8F                     PPSLOCK         equ	7823	;# 
   627     1E90                     INTPPS          equ	7824	;# 
   628     1E91                     T0CKIPPS        equ	7825	;# 
   629     1E92                     T1CKIPPS        equ	7826	;# 
   630     1E93                     T1GPPS          equ	7827	;# 
   631     1E9C                     T2INPPS         equ	7836	;# 
   632     1EA1                     CCP1PPS         equ	7841	;# 
   633     1EA2                     CCP2PPS         equ	7842	;# 
   634     1EC3                     ADACTPPS        equ	7875	;# 
   635     1EC5                     SSP1CLKPPS      equ	7877	;# 
   636     1EC6                     SSP1DATPPS      equ	7878	;# 
   637     1EC7                     SSP1SSPPS       equ	7879	;# 
   638     1ECB                     RX1PPS          equ	7883	;# 
   639     1ECB                     RX1DTPPS        equ	7883	;# 
   640     1ECB                     RXPPS           equ	7883	;# 
   641     1ECC                     CK1PPS          equ	7884	;# 
   642     1ECC                     TX1CKPPS        equ	7884	;# 
   643     1ECC                     CKPPS           equ	7884	;# 
   644     1F10                     RA0PPS          equ	7952	;# 
   645     1F11                     RA1PPS          equ	7953	;# 
   646     1F12                     RA2PPS          equ	7954	;# 
   647     1F14                     RA4PPS          equ	7956	;# 
   648     1F15                     RA5PPS          equ	7957	;# 
   649     1F38                     ANSELA          equ	7992	;# 
   650     1F39                     WPUA            equ	7993	;# 
   651     1F3A                     ODCONA          equ	7994	;# 
   652     1F3B                     SLRCONA         equ	7995	;# 
   653     1F3C                     INLVLA          equ	7996	;# 
   654     1F3D                     IOCAP           equ	7997	;# 
   655     1F3E                     IOCAN           equ	7998	;# 
   656     1F3F                     IOCAF           equ	7999	;# 
   657     1FE4                     STATUS_SHAD     equ	8164	;# 
   658     1FE5                     WREG_SHAD       equ	8165	;# 
   659     1FE6                     BSR_SHAD        equ	8166	;# 
   660     1FE7                     PCLATH_SHAD     equ	8167	;# 
   661     1FE8                     FSR0_SHAD       equ	8168	;# 
   662     1FE8                     FSR0L_SHAD      equ	8168	;# 
   663     1FE9                     FSR0H_SHAD      equ	8169	;# 
   664     1FEA                     FSR1L_SHAD      equ	8170	;# 
   665     1FEB                     FSR1H_SHAD      equ	8171	;# 
   666     1FED                     STKPTR          equ	8173	;# 
   667     1FEE                     TOSL            equ	8174	;# 
   668     1FEF                     TOSH            equ	8175	;# 
   669     0000                     INDF0           equ	0	;# 
   670     0001                     INDF1           equ	1	;# 
   671     0002                     PCL             equ	2	;# 
   672     0003                     STATUS          equ	3	;# 
   673     0004                     FSR0L           equ	4	;# 
   674     0005                     FSR0H           equ	5	;# 
   675     0006                     FSR1L           equ	6	;# 
   676     0007                     FSR1H           equ	7	;# 
   677     0008                     BSR             equ	8	;# 
   678     0009                     WREG            equ	9	;# 
   679     000A                     PCLATH          equ	10	;# 
   680     000B                     INTCON          equ	11	;# 
   681     000C                     PORTA           equ	12	;# 
   682     0012                     TRISA           equ	18	;# 
   683     0018                     LATA            equ	24	;# 
   684     009A                     CPCON           equ	154	;# 
   685     009B                     ADRES           equ	155	;# 
   686     009B                     ADRESL          equ	155	;# 
   687     009C                     ADRESH          equ	156	;# 
   688     009D                     ADCON0          equ	157	;# 
   689     009E                     ADCON1          equ	158	;# 
   690     009F                     ADACT           equ	159	;# 
   691     0119                     RC1REG          equ	281	;# 
   692     011A                     TX1REG          equ	282	;# 
   693     011B                     SP1BRG          equ	283	;# 
   694     011B                     SP1BRGL         equ	283	;# 
   695     011C                     SP1BRGH         equ	284	;# 
   696     011D                     RC1STA          equ	285	;# 
   697     011E                     TX1STA          equ	286	;# 
   698     011F                     BAUD1CON        equ	287	;# 
   699     018C                     SSP1BUF         equ	396	;# 
   700     018D                     SSP1ADD         equ	397	;# 
   701     018E                     SSP1MSK         equ	398	;# 
   702     018F                     SSP1STAT        equ	399	;# 
   703     0190                     SSP1CON1        equ	400	;# 
   704     0191                     SSP1CON2        equ	401	;# 
   705     0192                     SSP1CON3        equ	402	;# 
   706     020C                     TMR1            equ	524	;# 
   707     020C                     TMR1L           equ	524	;# 
   708     020D                     TMR1H           equ	525	;# 
   709     020E                     T1CON           equ	526	;# 
   710     020E                     TMR1CON         equ	526	;# 
   711     020F                     T1GCON          equ	527	;# 
   712     020F                     TMR1GCON        equ	527	;# 
   713     0210                     T1GATE          equ	528	;# 
   714     0210                     TMR1GATE        equ	528	;# 
   715     0211                     T1CLK           equ	529	;# 
   716     0211                     TMR1CLK         equ	529	;# 
   717     0211                     PR1             equ	529	;# 
   718     028C                     T2TMR           equ	652	;# 
   719     028C                     TMR2            equ	652	;# 
   720     028D                     T2PR            equ	653	;# 
   721     028D                     PR2             equ	653	;# 
   722     028E                     T2CON           equ	654	;# 
   723     028F                     T2HLT           equ	655	;# 
   724     0290                     T2CLKCON        equ	656	;# 
   725     0291                     T2RST           equ	657	;# 
   726     030C                     CCPR1           equ	780	;# 
   727     030C                     CCPR1L          equ	780	;# 
   728     030D                     CCPR1H          equ	781	;# 
   729     030E                     CCP1CON         equ	782	;# 
   730     030F                     CCP1CAP         equ	783	;# 
   731     0310                     CCPR2           equ	784	;# 
   732     0310                     CCPR2L          equ	784	;# 
   733     0311                     CCPR2H          equ	785	;# 
   734     0312                     CCP2CON         equ	786	;# 
   735     0313                     CCP2CAP         equ	787	;# 
   736     0314                     PWM3DC          equ	788	;# 
   737     0314                     PWM3DCL         equ	788	;# 
   738     0315                     PWM3DCH         equ	789	;# 
   739     0316                     PWM3CON         equ	790	;# 
   740     0318                     PWM4DC          equ	792	;# 
   741     0318                     PWM4DCL         equ	792	;# 
   742     0319                     PWM4DCH         equ	793	;# 
   743     031A                     PWM4CON         equ	794	;# 
   744     059C                     TMR0L           equ	1436	;# 
   745     059C                     TMR0            equ	1436	;# 
   746     059D                     TMR0H           equ	1437	;# 
   747     059D                     PR0             equ	1437	;# 
   748     059E                     T0CON0          equ	1438	;# 
   749     059F                     T0CON1          equ	1439	;# 
   750     070C                     PIR0            equ	1804	;# 
   751     070D                     PIR1            equ	1805	;# 
   752     070E                     PIR2            equ	1806	;# 
   753     0716                     PIE0            equ	1814	;# 
   754     0717                     PIE1            equ	1815	;# 
   755     0718                     PIE2            equ	1816	;# 
   756     080C                     WDTCON          equ	2060	;# 
   757     0811                     BORCON          equ	2065	;# 
   758     0813                     PCON0           equ	2067	;# 
   759     0814                     PCON1           equ	2068	;# 
   760     081A                     NVMADR          equ	2074	;# 
   761     081A                     NVMADRL         equ	2074	;# 
   762     081B                     NVMADRH         equ	2075	;# 
   763     081C                     NVMDAT          equ	2076	;# 
   764     081C                     NVMDATL         equ	2076	;# 
   765     081D                     NVMDATH         equ	2077	;# 
   766     081E                     NVMCON1         equ	2078	;# 
   767     081F                     NVMCON2         equ	2079	;# 
   768     088E                     OSCCON          equ	2190	;# 
   769     0890                     OSCSTAT         equ	2192	;# 
   770     0891                     OSCEN           equ	2193	;# 
   771     0892                     OSCTUNE         equ	2194	;# 
   772     0893                     OSCFRQ          equ	2195	;# 
   773     090C                     FVRCON          equ	2316	;# 
   774     1E8F                     PPSLOCK         equ	7823	;# 
   775     1E90                     INTPPS          equ	7824	;# 
   776     1E91                     T0CKIPPS        equ	7825	;# 
   777     1E92                     T1CKIPPS        equ	7826	;# 
   778     1E93                     T1GPPS          equ	7827	;# 
   779     1E9C                     T2INPPS         equ	7836	;# 
   780     1EA1                     CCP1PPS         equ	7841	;# 
   781     1EA2                     CCP2PPS         equ	7842	;# 
   782     1EC3                     ADACTPPS        equ	7875	;# 
   783     1EC5                     SSP1CLKPPS      equ	7877	;# 
   784     1EC6                     SSP1DATPPS      equ	7878	;# 
   785     1EC7                     SSP1SSPPS       equ	7879	;# 
   786     1ECB                     RX1PPS          equ	7883	;# 
   787     1ECB                     RX1DTPPS        equ	7883	;# 
   788     1ECB                     RXPPS           equ	7883	;# 
   789     1ECC                     CK1PPS          equ	7884	;# 
   790     1ECC                     TX1CKPPS        equ	7884	;# 
   791     1ECC                     CKPPS           equ	7884	;# 
   792     1F10                     RA0PPS          equ	7952	;# 
   793     1F11                     RA1PPS          equ	7953	;# 
   794     1F12                     RA2PPS          equ	7954	;# 
   795     1F14                     RA4PPS          equ	7956	;# 
   796     1F15                     RA5PPS          equ	7957	;# 
   797     1F38                     ANSELA          equ	7992	;# 
   798     1F39                     WPUA            equ	7993	;# 
   799     1F3A                     ODCONA          equ	7994	;# 
   800     1F3B                     SLRCONA         equ	7995	;# 
   801     1F3C                     INLVLA          equ	7996	;# 
   802     1F3D                     IOCAP           equ	7997	;# 
   803     1F3E                     IOCAN           equ	7998	;# 
   804     1F3F                     IOCAF           equ	7999	;# 
   805     1FE4                     STATUS_SHAD     equ	8164	;# 
   806     1FE5                     WREG_SHAD       equ	8165	;# 
   807     1FE6                     BSR_SHAD        equ	8166	;# 
   808     1FE7                     PCLATH_SHAD     equ	8167	;# 
   809     1FE8                     FSR0_SHAD       equ	8168	;# 
   810     1FE8                     FSR0L_SHAD      equ	8168	;# 
   811     1FE9                     FSR0H_SHAD      equ	8169	;# 
   812     1FEA                     FSR1L_SHAD      equ	8170	;# 
   813     1FEB                     FSR1H_SHAD      equ	8171	;# 
   814     1FED                     STKPTR          equ	8173	;# 
   815     1FEE                     TOSL            equ	8174	;# 
   816     1FEF                     TOSH            equ	8175	;# 
   817                           
   818                           	psect	nvBANK0
   819     0020                     __pnvBANK0:
   820     0020                     _SWITCH_N_InterruptHandler:
   821     0020                     	ds	2
   822     0022                     _CHARGING_N_InterruptHandler:
   823     0022                     	ds	2
   824     0024                     _INT_InterruptHandler:
   825     0024                     	ds	2
   826     000C                     _PORTAbits      set	12
   827     0018                     _LATAbits       set	24
   828     0012                     _TRISA          set	18
   829     0018                     _LATA           set	24
   830     000B                     _INTCONbits     set	11
   831     0716                     _PIE0bits       set	1814
   832     070C                     _PIR0bits       set	1804
   833     0892                     _OSCTUNE        set	2194
   834     0893                     _OSCFRQ         set	2195
   835     0891                     _OSCEN          set	2193
   836     1E90                     _INTPPS         set	7824
   837     1F3F                     _IOCAFbits      set	7999
   838     1F3F                     _IOCAF          set	7999
   839     1F3E                     _IOCAN          set	7998
   840     1F3D                     _IOCAP          set	7997
   841     1F3C                     _INLVLA         set	7996
   842     1F3B                     _SLRCONA        set	7995
   843     1F3A                     _ODCONA         set	7994
   844     1F39                     _WPUA           set	7993
   845     1F38                     _ANSELA         set	7992
   846                           
   847                           	psect	cinit
   848     0025                     start_initialization:	
   849                           ; #config settings
   850                           
   851     0025                     __initialization:
   852     0025                     end_of_initialization:	
   853                           ;End of C runtime variable initialization code
   854                           
   855     0025                     __end_of__initialization:
   856     0025  107E               	bcf	int$flags,0	;clear compiler interrupt flag (level 1)
   857     0026  0140               	movlb	0
   858     0027  2828               	ljmp	_main	;jump to C main() function
   859                           
   860                           	psect	cstackCOMMON
   861     0070                     __pcstackCOMMON:
   862     0070                     ?_PIN_MANAGER_Initialize:
   863     0070                     ?_INTERRUPT_Initialize:	
   864                           ; 1 bytes @ 0x0
   865                           
   866     0070                     ?_INT_SetInterruptHandler:	
   867                           ; 1 bytes @ 0x0
   868                           
   869     0070                     ?_INT_DefaultInterruptHandler:	
   870                           ; 1 bytes @ 0x0
   871                           
   872     0070                     ?_INT_ISR:	
   873                           ; 1 bytes @ 0x0
   874                           
   875     0070                     ?_PIN_MANAGER_IOC:	
   876                           ; 1 bytes @ 0x0
   877                           
   878     0070                     ?_INT_CallBack:	
   879                           ; 1 bytes @ 0x0
   880                           
   881     0070                     ?_CHARGING_N_SetInterruptHandler:	
   882                           ; 1 bytes @ 0x0
   883                           
   884     0070                     ?_CHARGING_N_DefaultInterruptHandler:	
   885                           ; 1 bytes @ 0x0
   886                           
   887     0070                     ?_SWITCH_N_SetInterruptHandler:	
   888                           ; 1 bytes @ 0x0
   889                           
   890     0070                     ?_SWITCH_N_DefaultInterruptHandler:	
   891                           ; 1 bytes @ 0x0
   892                           
   893     0070                     ?_CHARGING_N_ISR:	
   894                           ; 1 bytes @ 0x0
   895                           
   896     0070                     ?_SWITCH_N_ISR:	
   897                           ; 1 bytes @ 0x0
   898                           
   899     0070                     ?_CLOCK_Initialize:	
   900                           ; 1 bytes @ 0x0
   901                           
   902     0070                     ?_SYSTEM_Initialize:	
   903                           ; 1 bytes @ 0x0
   904                           
   905     0070                     ?_INTERRUPT_InterruptManager:	
   906                           ; 1 bytes @ 0x0
   907                           
   908     0070                     ?_write_brightness_start:	
   909                           ; 1 bytes @ 0x0
   910                           
   911     0070                     ?_write_brightness:	
   912                           ; 1 bytes @ 0x0
   913                           
   914     0070                     ?_main:	
   915                           ; 1 bytes @ 0x0
   916                           
   917     0070                     INT_SetInterruptHandler@InterruptHandler:	
   918                           ; 2 bytes @ 0x0
   919                           
   920     0070                     CHARGING_N_SetInterruptHandler@InterruptHandler:	
   921                           ; 2 bytes @ 0x0
   922                           
   923     0070                     SWITCH_N_SetInterruptHandler@InterruptHandler:	
   924                           ; 2 bytes @ 0x0
   925                           
   926     0070                     ??_INT_DefaultInterruptHandler:	
   927                           ; 2 bytes @ 0x0
   928                           
   929     0070                     ??_INT_ISR:	
   930                           ; 1 bytes @ 0x0
   931                           
   932     0070                     ??_PIN_MANAGER_IOC:	
   933                           ; 1 bytes @ 0x0
   934                           
   935     0070                     ??_INT_CallBack:	
   936                           ; 1 bytes @ 0x0
   937                           
   938     0070                     ??_CHARGING_N_DefaultInterruptHandler:	
   939                           ; 1 bytes @ 0x0
   940                           
   941     0070                     ??_SWITCH_N_DefaultInterruptHandler:	
   942                           ; 1 bytes @ 0x0
   943                           
   944     0070                     ??_CHARGING_N_ISR:	
   945                           ; 1 bytes @ 0x0
   946                           
   947     0070                     ??_SWITCH_N_ISR:	
   948                           ; 1 bytes @ 0x0
   949                           
   950     0070                     ??_CLOCK_Initialize:	
   951                           ; 1 bytes @ 0x0
   952                           
   953     0070                     ??_INTERRUPT_InterruptManager:	
   954                           ; 1 bytes @ 0x0
   955                           
   956     0070                     ??_write_brightness_start:	
   957                           ; 1 bytes @ 0x0
   958                           
   959                           
   960                           ; 1 bytes @ 0x0
   961     0070                     	ds	1
   962     0071                     ??_write_brightness:
   963                           
   964                           ; 1 bytes @ 0x1
   965     0071                     	ds	1
   966     0072                     ??_PIN_MANAGER_Initialize:
   967     0072                     ??_INTERRUPT_Initialize:	
   968                           ; 1 bytes @ 0x2
   969                           
   970     0072                     ??_INT_SetInterruptHandler:	
   971                           ; 1 bytes @ 0x2
   972                           
   973     0072                     ??_CHARGING_N_SetInterruptHandler:	
   974                           ; 1 bytes @ 0x2
   975                           
   976     0072                     ??_SWITCH_N_SetInterruptHandler:	
   977                           ; 1 bytes @ 0x2
   978                           
   979     0072                     ??_SYSTEM_Initialize:	
   980                           ; 1 bytes @ 0x2
   981                           
   982                           
   983                           ; 1 bytes @ 0x2
   984     0072                     	ds	1
   985     0073                     write_brightness@brightness:
   986                           
   987                           ; 1 bytes @ 0x3
   988     0073                     	ds	1
   989     0074                     write_brightness@i:
   990                           
   991                           ; 2 bytes @ 0x4
   992     0074                     	ds	2
   993     0076                     ??_main:
   994                           
   995                           ; 1 bytes @ 0x6
   996     0076                     	ds	2
   997     0078                     main@i:
   998                           
   999                           ; 2 bytes @ 0x8
  1000     0078                     	ds	2
  1001     007A                     main@previous_charging_status:
  1002                           
  1003                           ; 1 bytes @ 0xA
  1004     007A                     	ds	1
  1005     007B                     main@breathe_up:
  1006                           
  1007                           ; 1 bytes @ 0xB
  1008     007B                     	ds	1
  1009     007C                     main@current_brightness:
  1010                           
  1011                           ; 1 bytes @ 0xC
  1012     007C                     	ds	1
  1013                           
  1014                           	psect	maintext
  1015     0028                     __pmaintext:	
  1016 ;;
  1017 ;;Main: autosize = 0, tempsize = 2, incstack = 0, save=0
  1018 ;;
  1019 ;; *************** function _main *****************
  1020 ;; Defined at:
  1021 ;;		line 166 in file "main.c"
  1022 ;; Parameters:    Size  Location     Type
  1023 ;;		None
  1024 ;; Auto vars:     Size  Location     Type
  1025 ;;  i               2    8[COMMON] int 
  1026 ;;  current_brig    1   12[COMMON] unsigned char 
  1027 ;;  breathe_up      1   11[COMMON] _Bool 
  1028 ;;  previous_cha    1   10[COMMON] _Bool 
  1029 ;; Return value:  Size  Location     Type
  1030 ;;                  2  225[None  ] int 
  1031 ;; Registers used:
  1032 ;;		wreg, status,2, status,0, pclath, cstack
  1033 ;; Tracked objects:
  1034 ;;		On entry : B3F/0
  1035 ;;		On exit  : 0/0
  1036 ;;		Unchanged: 0/0
  1037 ;; Data sizes:     COMMON   BANK0   BANK1   BANK2
  1038 ;;      Params:         0       0       0       0
  1039 ;;      Locals:         5       0       0       0
  1040 ;;      Temps:          2       0       0       0
  1041 ;;      Totals:         7       0       0       0
  1042 ;;Total ram usage:        7 bytes
  1043 ;; Hardware stack levels required when called: 7
  1044 ;; This function calls:
  1045 ;;		_SYSTEM_Initialize
  1046 ;;		_write_brightness
  1047 ;; This function is called by:
  1048 ;;		Startup code after reset
  1049 ;; This function uses a non-reentrant model
  1050 ;;
  1051                           
  1052     0028                     _main:	
  1053                           ;psect for function _main
  1054                           
  1055     0028                     l1053:	
  1056                           ;incstack = 0
  1057                           ; Regs used in _main: [wreg+status,2+status,0+pclath+cstack]
  1058                           
  1059     0028  3182  223D  3180   	fcall	_SYSTEM_Initialize
  1060     002B                     l1055:
  1061     002B  178B               	bsf	11,7	;volatile
  1062     002C                     l1057:
  1063     002C  170B               	bsf	11,6	;volatile
  1064     002D                     l1059:
  1065     002D  3001               	movlw	1
  1066     002E  00FC               	movwf	main@current_brightness
  1067     002F                     l1061:
  1068     002F  3001               	movlw	1
  1069     0030  00FA               	movwf	main@previous_charging_status
  1070     0031                     l1063:
  1071     0031  3001               	movlw	1
  1072     0032  00FB               	movwf	main@breathe_up
  1073     0033                     l226:
  1074     0033  0063               	sleep	;# 
  1075     0034                     l1065:
  1076     0034  0000               	nop
  1077     0035                     l1067:
  1078     0035  0140               	movlb	0	; select bank0
  1079     0036  1E8C               	btfss	12,5	;volatile
  1080     0037  2839               	goto	u341
  1081     0038  283A               	goto	u340
  1082     0039                     u341:
  1083     0039  287B               	goto	l1093
  1084     003A                     u340:
  1085     003A                     l228:
  1086     003A  1118               	bcf	24,2	;volatile
  1087     003B                     l1069:
  1088     003B  300D               	movlw	13
  1089     003C  00F7               	movwf	??_main+1
  1090     003D  302D               	movlw	45
  1091     003E  00F6               	movwf	??_main
  1092     003F  30D8               	movlw	216
  1093     0040                     u457:
  1094     0040  0B89               	decfsz	9,f
  1095     0041  2840               	goto	u457
  1096     0042  0BF6               	decfsz	??_main,f
  1097     0043  2840               	goto	u457
  1098     0044  0BF7               	decfsz	??_main+1,f
  1099     0045  2840               	goto	u457
  1100     0046  2875               	goto	l1091
  1101     0047                     l1071:
  1102     0047  301F               	movlw	31
  1103     0048  027C               	subwf	main@current_brightness,w
  1104     0049  1C03               	skipc
  1105     004A  284C               	goto	u351
  1106     004B  284D               	goto	u350
  1107     004C                     u351:
  1108     004C  284F               	goto	l1075
  1109     004D                     u350:
  1110     004D                     l1073:
  1111     004D  01FB               	clrf	main@breathe_up
  1112     004E  2856               	goto	l1079
  1113     004F                     l1075:
  1114     004F  087C               	movf	main@current_brightness,w
  1115     0050  1D03               	btfss	3,2
  1116     0051  2853               	goto	u361
  1117     0052  2854               	goto	u360
  1118     0053                     u361:
  1119     0053  2856               	goto	l1079
  1120     0054                     u360:
  1121     0054                     l1077:
  1122     0054  3001               	movlw	1
  1123     0055  00FB               	movwf	main@breathe_up
  1124     0056                     l1079:
  1125     0056  087B               	movf	main@breathe_up,w
  1126     0057  1D03               	btfss	3,2
  1127     0058  285A               	goto	u371
  1128     0059  285B               	goto	u370
  1129     005A                     u371:
  1130     005A  285E               	goto	l1083
  1131     005B                     u370:
  1132     005B                     l1081:
  1133     005B  3001               	movlw	1
  1134     005C  02FC               	subwf	main@current_brightness,f
  1135     005D  2865               	goto	l1087
  1136     005E                     l1083:
  1137     005E  037B               	decf	main@breathe_up,w
  1138     005F  1D03               	btfss	3,2
  1139     0060  2862               	goto	u381
  1140     0061  2863               	goto	u380
  1141     0062                     u381:
  1142     0062  2865               	goto	l1087
  1143     0063                     u380:
  1144     0063                     l1085:
  1145     0063  3001               	movlw	1
  1146     0064  07FC               	addwf	main@current_brightness,f
  1147     0065                     l1087:
  1148     0065  087C               	movf	main@current_brightness,w
  1149     0066  3181  215D  3180   	fcall	_write_brightness
  1150     0069                     l1089:
  1151     0069  3002               	movlw	2
  1152     006A  00F7               	movwf	??_main+1
  1153     006B  3004               	movlw	4
  1154     006C  00F6               	movwf	??_main
  1155     006D  30BA               	movlw	186
  1156     006E                     u467:
  1157     006E  0B89               	decfsz	9,f
  1158     006F  286E               	goto	u467
  1159     0070  0BF6               	decfsz	??_main,f
  1160     0071  286E               	goto	u467
  1161     0072  0BF7               	decfsz	??_main+1,f
  1162     0073  286E               	goto	u467
  1163     0074  3200               	nop2
  1164     0075                     l1091:
  1165     0075  0140               	movlb	0	; select bank0
  1166     0076  1E8C               	btfss	12,5	;volatile
  1167     0077  2879               	goto	u391
  1168     0078  287A               	goto	u390
  1169     0079                     u391:
  1170     0079  2847               	goto	l1071
  1171     007A                     u390:
  1172     007A  289B               	goto	l239
  1173     007B                     l1093:
  1174     007B  3001               	movlw	1
  1175     007C  00F8               	movwf	main@i
  1176     007D  3000               	movlw	0
  1177     007E  00F9               	movwf	main@i+1
  1178     007F  2890               	goto	l1101
  1179     0080                     l1095:
  1180     0080  0878               	movf	main@i,w
  1181     0081  3181  215D  3180   	fcall	_write_brightness
  1182     0084                     l1097:
  1183     0084  3068               	movlw	104
  1184     0085  00F6               	movwf	??_main
  1185     0086  30E4               	movlw	228
  1186     0087                     u477:
  1187     0087  0B89               	decfsz	9,f
  1188     0088  2887               	goto	u477
  1189     0089  0BF6               	decfsz	??_main,f
  1190     008A  2887               	goto	u477
  1191     008B  3200               	nop2
  1192     008C                     l1099:
  1193     008C  3001               	movlw	1
  1194     008D  07F8               	addwf	main@i,f
  1195     008E  3000               	movlw	0
  1196     008F  3DF9               	addwfc	main@i+1,f
  1197     0090                     l1101:
  1198     0090  0879               	movf	main@i+1,w
  1199     0091  3A80               	xorlw	128
  1200     0092  3C80               	sublw	128
  1201     0093  1D03               	skipz
  1202     0094  2897               	goto	u405
  1203     0095  0878               	movf	main@i,w
  1204     0096  027C               	subwf	main@current_brightness,w
  1205     0097                     u405:
  1206     0097  1803               	skipnc
  1207     0098  289A               	goto	u401
  1208     0099  289B               	goto	u400
  1209     009A                     u401:
  1210     009A  2880               	goto	l1095
  1211     009B                     u400:
  1212     009B                     l239:
  1213     009B  0140               	movlb	0	; select bank0
  1214     009C  1E0C               	btfss	12,4	;volatile
  1215     009D  289F               	goto	u411
  1216     009E  28A0               	goto	u410
  1217     009F                     u411:
  1218     009F  28A8               	goto	l1107
  1219     00A0                     u410:
  1220     00A0                     l1103:
  1221     00A0  087A               	movf	main@previous_charging_status,w
  1222     00A1  1D03               	btfss	3,2
  1223     00A2  28A4               	goto	u421
  1224     00A3  28A5               	goto	u420
  1225     00A4                     u421:
  1226     00A4  2833               	goto	l226
  1227     00A5                     u420:
  1228     00A5                     l1105:
  1229     00A5  3001               	movlw	1
  1230     00A6  00FA               	movwf	main@previous_charging_status
  1231     00A7  2833               	goto	l226
  1232     00A8                     l1107:
  1233     00A8  037A               	decf	main@previous_charging_status,w
  1234     00A9  1D03               	btfss	3,2
  1235     00AA  28AC               	goto	u431
  1236     00AB  28AD               	goto	u430
  1237     00AC                     u431:
  1238     00AC  2833               	goto	l226
  1239     00AD                     u430:
  1240     00AD                     l1109:
  1241     00AD  01FA               	clrf	main@previous_charging_status
  1242     00AE                     l1111:
  1243     00AE  1E8C               	btfss	12,5	;volatile
  1244     00AF  28B1               	goto	u441
  1245     00B0  28B2               	goto	u440
  1246     00B1                     u441:
  1247     00B1  28C5               	goto	l251
  1248     00B2                     u440:
  1249     00B2                     l1113:
  1250     00B2  087C               	movf	main@current_brightness,w
  1251     00B3  3181  215D  3180   	fcall	_write_brightness
  1252     00B6                     l1115:
  1253     00B6  3015               	movlw	21
  1254     00B7  00F7               	movwf	??_main+1
  1255     00B8  304B               	movlw	75
  1256     00B9  00F6               	movwf	??_main
  1257     00BA  30BE               	movlw	190
  1258     00BB                     u487:
  1259     00BB  0B89               	decfsz	9,f
  1260     00BC  28BB               	goto	u487
  1261     00BD  0BF6               	decfsz	??_main,f
  1262     00BE  28BB               	goto	u487
  1263     00BF  0BF7               	decfsz	??_main+1,f
  1264     00C0  28BB               	goto	u487
  1265     00C1  3200               	nop2
  1266     00C2                     l1117:
  1267     00C2  0140               	movlb	0	; select bank0
  1268     00C3  1118               	bcf	24,2	;volatile
  1269     00C4  2833               	goto	l226
  1270     00C5                     l251:
  1271     00C5  1118               	bcf	24,2	;volatile
  1272     00C6                     l1119:
  1273     00C6  3015               	movlw	21
  1274     00C7  00F7               	movwf	??_main+1
  1275     00C8  304B               	movlw	75
  1276     00C9  00F6               	movwf	??_main
  1277     00CA  30BE               	movlw	190
  1278     00CB                     u497:
  1279     00CB  0B89               	decfsz	9,f
  1280     00CC  28CB               	goto	u497
  1281     00CD  0BF6               	decfsz	??_main,f
  1282     00CE  28CB               	goto	u497
  1283     00CF  0BF7               	decfsz	??_main+1,f
  1284     00D0  28CB               	goto	u497
  1285     00D1  3200               	nop2
  1286     00D2                     l1121:
  1287     00D2  087C               	movf	main@current_brightness,w
  1288     00D3  3181  215D  3180   	fcall	_write_brightness
  1289     00D6  2833               	goto	l226
  1290     00D7  2824               	ljmp	start
  1291     00D8                     __end_of_main:
  1292                           
  1293                           	psect	text1
  1294     015D                     __ptext1:	
  1295 ;; *************** function _write_brightness *****************
  1296 ;; Defined at:
  1297 ;;		line 108 in file "main.c"
  1298 ;; Parameters:    Size  Location     Type
  1299 ;;  brightness      1    wreg     unsigned char 
  1300 ;; Auto vars:     Size  Location     Type
  1301 ;;  brightness      1    3[COMMON] unsigned char 
  1302 ;;  i               2    4[COMMON] int 
  1303 ;; Return value:  Size  Location     Type
  1304 ;;                  1    wreg      void 
  1305 ;; Registers used:
  1306 ;;		wreg, status,2, status,0, pclath, cstack
  1307 ;; Tracked objects:
  1308 ;;		On entry : 0/0
  1309 ;;		On exit  : 0/0
  1310 ;;		Unchanged: 0/0
  1311 ;; Data sizes:     COMMON   BANK0   BANK1   BANK2
  1312 ;;      Params:         0       0       0       0
  1313 ;;      Locals:         3       0       0       0
  1314 ;;      Temps:          2       0       0       0
  1315 ;;      Totals:         5       0       0       0
  1316 ;;Total ram usage:        5 bytes
  1317 ;; Hardware stack levels used: 1
  1318 ;; Hardware stack levels required when called: 5
  1319 ;; This function calls:
  1320 ;;		_write_brightness_start
  1321 ;; This function is called by:
  1322 ;;		_main
  1323 ;; This function uses a non-reentrant model
  1324 ;;
  1325                           
  1326     015D                     _write_brightness:	
  1327                           ;psect for function _write_brightness
  1328                           
  1329                           
  1330                           ;incstack = 0
  1331                           ; Regs used in _write_brightness: [wreg+status,2+status,0+pclath+cstack]
  1332                           ;write_brightness@brightness stored from wreg
  1333     015D  00F3               	movwf	write_brightness@brightness
  1334     015E                     l843:
  1335     015E  3180  20D8  3181   	fcall	_write_brightness_start
  1336     0161                     l845:
  1337     0161  0140               	movlb	0	; select bank0
  1338     0162  1518               	bsf	24,2	;volatile
  1339     0163                     l847:
  1340     0163  300A               	movlw	10
  1341     0164                     u507:
  1342     0164  0B89               	decfsz	9,f
  1343     0165  2964               	goto	u507
  1344     0166  3200               	nop2
  1345     0167                     l849:
  1346     0167  0140               	movlb	0	; select bank0
  1347     0168  1118               	bcf	24,2	;volatile
  1348     0169                     l851:
  1349     0169  3035               	movlw	53
  1350     016A                     u517:
  1351     016A  0B89               	decfsz	9,f
  1352     016B  296A               	goto	u517
  1353     016C  0000               	nop
  1354     016D                     l853:
  1355     016D  0140               	movlb	0	; select bank0
  1356     016E  1518               	bsf	24,2	;volatile
  1357     016F                     l855:
  1358     016F  300A               	movlw	10
  1359     0170                     u527:
  1360     0170  0B89               	decfsz	9,f
  1361     0171  2970               	goto	u527
  1362     0172  3200               	nop2
  1363     0173                     l857:
  1364     0173  0140               	movlb	0	; select bank0
  1365     0174  1118               	bcf	24,2	;volatile
  1366     0175                     l859:
  1367     0175  3035               	movlw	53
  1368     0176                     u537:
  1369     0176  0B89               	decfsz	9,f
  1370     0177  2976               	goto	u537
  1371     0178  0000               	nop
  1372     0179                     l861:
  1373     0179  0140               	movlb	0	; select bank0
  1374     017A  1518               	bsf	24,2	;volatile
  1375     017B                     l863:
  1376     017B  300A               	movlw	10
  1377     017C                     u547:
  1378     017C  0B89               	decfsz	9,f
  1379     017D  297C               	goto	u547
  1380     017E  3200               	nop2
  1381     017F                     l865:
  1382     017F  0140               	movlb	0	; select bank0
  1383     0180  1118               	bcf	24,2	;volatile
  1384     0181                     l867:
  1385     0181  3035               	movlw	53
  1386     0182                     u557:
  1387     0182  0B89               	decfsz	9,f
  1388     0183  2982               	goto	u557
  1389     0184  0000               	nop
  1390     0185                     l869:
  1391     0185  0140               	movlb	0	; select bank0
  1392     0186  1518               	bsf	24,2	;volatile
  1393     0187                     l871:
  1394     0187  300A               	movlw	10
  1395     0188                     u567:
  1396     0188  0B89               	decfsz	9,f
  1397     0189  2988               	goto	u567
  1398     018A  3200               	nop2
  1399     018B                     l873:
  1400     018B  3004               	movlw	4
  1401     018C  00F4               	movwf	write_brightness@i
  1402     018D  3000               	movlw	0
  1403     018E  00F5               	movwf	write_brightness@i+1
  1404     018F                     l879:
  1405     018F  3001               	movlw	1
  1406     0190  00F1               	movwf	??_write_brightness
  1407     0191  0A74               	incf	write_brightness@i,w
  1408     0192  2994               	goto	u64
  1409     0193                     u65:
  1410     0193  35F1               	lslf	??_write_brightness,f
  1411     0194                     u64:
  1412     0194  0B89               	decfsz	9,f
  1413     0195  2993               	goto	u65
  1414     0196  0871               	movf	??_write_brightness,w
  1415     0197  0573               	andwf	write_brightness@brightness,w
  1416     0198  00F2               	movwf	??_write_brightness+1
  1417     0199  0A74               	incf	write_brightness@i,w
  1418     019A  299C               	goto	u74
  1419     019B                     u75:
  1420     019B  36F2               	lsrf	??_write_brightness+1,f
  1421     019C                     u74:
  1422     019C  0B89               	decfsz	9,f
  1423     019D  299B               	goto	u75
  1424     019E  0872               	movf	??_write_brightness+1,w
  1425     019F  1D03               	btfss	3,2
  1426     01A0  29A2               	goto	u81
  1427     01A1  29A3               	goto	u80
  1428     01A2                     u81:
  1429     01A2  29B0               	goto	l213
  1430     01A3                     u80:
  1431     01A3                     l208:
  1432     01A3  0140               	movlb	0	; select bank0
  1433     01A4  1118               	bcf	24,2	;volatile
  1434     01A5                     l881:
  1435     01A5  3035               	movlw	53
  1436     01A6                     u577:
  1437     01A6  0B89               	decfsz	9,f
  1438     01A7  29A6               	goto	u577
  1439     01A8  0000               	nop
  1440     01A9                     l883:
  1441     01A9  0140               	movlb	0	; select bank0
  1442     01AA  1518               	bsf	24,2	;volatile
  1443     01AB                     l211:
  1444     01AB  300A               	movlw	10
  1445     01AC                     u587:
  1446     01AC  0B89               	decfsz	9,f
  1447     01AD  29AC               	goto	u587
  1448     01AE  3200               	nop2
  1449     01AF  29BC               	goto	l212
  1450     01B0                     l213:
  1451     01B0  0140               	movlb	0	; select bank0
  1452     01B1  1118               	bcf	24,2	;volatile
  1453     01B2                     l885:
  1454     01B2  300A               	movlw	10
  1455     01B3                     u597:
  1456     01B3  0B89               	decfsz	9,f
  1457     01B4  29B3               	goto	u597
  1458     01B5  3200               	nop2
  1459     01B6                     l887:
  1460     01B6  0140               	movlb	0	; select bank0
  1461     01B7  1518               	bsf	24,2	;volatile
  1462     01B8                     l216:
  1463     01B8  3035               	movlw	53
  1464     01B9                     u607:
  1465     01B9  0B89               	decfsz	9,f
  1466     01BA  29B9               	goto	u607
  1467     01BB  0000               	nop
  1468     01BC                     l212:
  1469     01BC  30FF               	movlw	255
  1470     01BD  07F4               	addwf	write_brightness@i,f
  1471     01BE  30FF               	movlw	255
  1472     01BF  3DF5               	addwfc	write_brightness@i+1,f
  1473     01C0                     l889:
  1474     01C0  1FF5               	btfss	write_brightness@i+1,7
  1475     01C1  29C3               	goto	u91
  1476     01C2  29C4               	goto	u90
  1477     01C3                     u91:
  1478     01C3  298F               	goto	l879
  1479     01C4                     u90:
  1480     01C4                     l217:
  1481     01C4  0140               	movlb	0	; select bank0
  1482     01C5  1118               	bcf	24,2	;volatile
  1483     01C6                     l891:
  1484     01C6  300A               	movlw	10
  1485     01C7                     u617:
  1486     01C7  0B89               	decfsz	9,f
  1487     01C8  29C7               	goto	u617
  1488     01C9  3200               	nop2
  1489     01CA                     l893:
  1490     01CA  0140               	movlb	0	; select bank0
  1491     01CB  1518               	bsf	24,2	;volatile
  1492     01CC                     l221:
  1493     01CC  0008               	return
  1494     01CD                     __end_of_write_brightness:
  1495                           
  1496                           	psect	text2
  1497     00D8                     __ptext2:	
  1498 ;; *************** function _write_brightness_start *****************
  1499 ;; Defined at:
  1500 ;;		line 44 in file "main.c"
  1501 ;; Parameters:    Size  Location     Type
  1502 ;;		None
  1503 ;; Auto vars:     Size  Location     Type
  1504 ;;		None
  1505 ;; Return value:  Size  Location     Type
  1506 ;;                  1    wreg      void 
  1507 ;; Registers used:
  1508 ;;		wreg
  1509 ;; Tracked objects:
  1510 ;;		On entry : 0/0
  1511 ;;		On exit  : 0/0
  1512 ;;		Unchanged: 0/0
  1513 ;; Data sizes:     COMMON   BANK0   BANK1   BANK2
  1514 ;;      Params:         0       0       0       0
  1515 ;;      Locals:         0       0       0       0
  1516 ;;      Temps:          1       0       0       0
  1517 ;;      Totals:         1       0       0       0
  1518 ;;Total ram usage:        1 bytes
  1519 ;; Hardware stack levels used: 1
  1520 ;; Hardware stack levels required when called: 4
  1521 ;; This function calls:
  1522 ;;		Nothing
  1523 ;; This function is called by:
  1524 ;;		_write_brightness
  1525 ;; This function uses a non-reentrant model
  1526 ;;
  1527                           
  1528     00D8                     _write_brightness_start:	
  1529                           ;psect for function _write_brightness_start
  1530                           
  1531     00D8                     l146:	
  1532                           ;incstack = 0
  1533                           ; Regs used in _write_brightness_start: [wreg]
  1534                           
  1535     00D8  0140               	movlb	0	; select bank0
  1536     00D9  1118               	bcf	24,2	;volatile
  1537     00DA                     l783:
  1538     00DA  3025               	movlw	37
  1539     00DB  00F0               	movwf	??_write_brightness_start
  1540     00DC  305C               	movlw	92
  1541     00DD                     u627:
  1542     00DD  0B89               	decfsz	9,f
  1543     00DE  28DD               	goto	u627
  1544     00DF  0BF0               	decfsz	??_write_brightness_start,f
  1545     00E0  28DD               	goto	u627
  1546     00E1                     l785:
  1547     00E1  0140               	movlb	0	; select bank0
  1548     00E2  1518               	bsf	24,2	;volatile
  1549     00E3                     l149:
  1550     00E3  30A0               	movlw	160
  1551     00E4                     u637:
  1552     00E4  3200               	nop2
  1553     00E5  0B89               	decfsz	9,f
  1554     00E6  28E4               	goto	u637
  1555     00E7                     l787:
  1556     00E7  0140               	movlb	0	; select bank0
  1557     00E8  1118               	bcf	24,2	;volatile
  1558     00E9                     l151:
  1559     00E9  3005               	movlw	5
  1560     00EA  00F0               	movwf	??_write_brightness_start
  1561     00EB  30AC               	movlw	172
  1562     00EC                     u647:
  1563     00EC  0B89               	decfsz	9,f
  1564     00ED  28EC               	goto	u647
  1565     00EE  0BF0               	decfsz	??_write_brightness_start,f
  1566     00EF  28EC               	goto	u647
  1567     00F0                     l789:
  1568     00F0  0140               	movlb	0	; select bank0
  1569     00F1  1518               	bsf	24,2	;volatile
  1570     00F2                     l153:
  1571     00F2  300A               	movlw	10
  1572     00F3                     u657:
  1573     00F3  0B89               	decfsz	9,f
  1574     00F4  28F3               	goto	u657
  1575     00F5  3200               	nop2
  1576     00F6                     l791:
  1577     00F6  0140               	movlb	0	; select bank0
  1578     00F7  1118               	bcf	24,2	;volatile
  1579     00F8                     l155:
  1580     00F8  3015               	movlw	21
  1581     00F9                     u667:
  1582     00F9  0B89               	decfsz	9,f
  1583     00FA  28F9               	goto	u667
  1584     00FB  0000               	nop
  1585     00FC                     l793:
  1586     00FC  0140               	movlb	0	; select bank0
  1587     00FD  1518               	bsf	24,2	;volatile
  1588     00FE                     l157:
  1589     00FE  300A               	movlw	10
  1590     00FF                     u677:
  1591     00FF  0B89               	decfsz	9,f
  1592     0100  28FF               	goto	u677
  1593     0101  3200               	nop2
  1594     0102                     l795:
  1595     0102  0140               	movlb	0	; select bank0
  1596     0103  1118               	bcf	24,2	;volatile
  1597     0104                     l159:
  1598     0104  300A               	movlw	10
  1599     0105                     u687:
  1600     0105  0B89               	decfsz	9,f
  1601     0106  2905               	goto	u687
  1602     0107  3200               	nop2
  1603     0108                     l797:
  1604     0108  0140               	movlb	0	; select bank0
  1605     0109  1518               	bsf	24,2	;volatile
  1606     010A                     l161:
  1607     010A  3015               	movlw	21
  1608     010B                     u697:
  1609     010B  0B89               	decfsz	9,f
  1610     010C  290B               	goto	u697
  1611     010D  0000               	nop
  1612     010E                     l799:
  1613     010E  0140               	movlb	0	; select bank0
  1614     010F  1118               	bcf	24,2	;volatile
  1615     0110                     l163:
  1616     0110  3015               	movlw	21
  1617     0111                     u707:
  1618     0111  0B89               	decfsz	9,f
  1619     0112  2911               	goto	u707
  1620     0113  0000               	nop
  1621     0114                     l801:
  1622     0114  0140               	movlb	0	; select bank0
  1623     0115  1518               	bsf	24,2	;volatile
  1624     0116                     l165:
  1625     0116  300A               	movlw	10
  1626     0117                     u717:
  1627     0117  0B89               	decfsz	9,f
  1628     0118  2917               	goto	u717
  1629     0119  3200               	nop2
  1630     011A                     l803:
  1631     011A  0140               	movlb	0	; select bank0
  1632     011B  1118               	bcf	24,2	;volatile
  1633     011C                     l167:
  1634     011C  300A               	movlw	10
  1635     011D                     u727:
  1636     011D  0B89               	decfsz	9,f
  1637     011E  291D               	goto	u727
  1638     011F  3200               	nop2
  1639     0120                     l805:
  1640     0120  0140               	movlb	0	; select bank0
  1641     0121  1518               	bsf	24,2	;volatile
  1642     0122                     l169:
  1643     0122  3015               	movlw	21
  1644     0123                     u737:
  1645     0123  0B89               	decfsz	9,f
  1646     0124  2923               	goto	u737
  1647     0125  0000               	nop
  1648     0126                     l807:
  1649     0126  0140               	movlb	0	; select bank0
  1650     0127  1118               	bcf	24,2	;volatile
  1651     0128                     l171:
  1652     0128  300A               	movlw	10
  1653     0129                     u747:
  1654     0129  0B89               	decfsz	9,f
  1655     012A  2929               	goto	u747
  1656     012B  3200               	nop2
  1657     012C                     l809:
  1658     012C  0140               	movlb	0	; select bank0
  1659     012D  1518               	bsf	24,2	;volatile
  1660     012E                     l173:
  1661     012E  3015               	movlw	21
  1662     012F                     u757:
  1663     012F  0B89               	decfsz	9,f
  1664     0130  292F               	goto	u757
  1665     0131  0000               	nop
  1666     0132                     l811:
  1667     0132  0140               	movlb	0	; select bank0
  1668     0133  1118               	bcf	24,2	;volatile
  1669     0134                     l175:
  1670     0134  3015               	movlw	21
  1671     0135                     u767:
  1672     0135  0B89               	decfsz	9,f
  1673     0136  2935               	goto	u767
  1674     0137  0000               	nop
  1675     0138                     l813:
  1676     0138  0140               	movlb	0	; select bank0
  1677     0139  1518               	bsf	24,2	;volatile
  1678     013A                     l177:
  1679     013A  300A               	movlw	10
  1680     013B                     u777:
  1681     013B  0B89               	decfsz	9,f
  1682     013C  293B               	goto	u777
  1683     013D  3200               	nop2
  1684     013E                     l815:
  1685     013E  0140               	movlb	0	; select bank0
  1686     013F  1118               	bcf	24,2	;volatile
  1687     0140                     l179:
  1688     0140  3015               	movlw	21
  1689     0141                     u787:
  1690     0141  0B89               	decfsz	9,f
  1691     0142  2941               	goto	u787
  1692     0143  0000               	nop
  1693     0144                     l817:
  1694     0144  0140               	movlb	0	; select bank0
  1695     0145  1518               	bsf	24,2	;volatile
  1696     0146                     l181:
  1697     0146  300A               	movlw	10
  1698     0147                     u797:
  1699     0147  0B89               	decfsz	9,f
  1700     0148  2947               	goto	u797
  1701     0149  3200               	nop2
  1702     014A                     l819:
  1703     014A  0140               	movlb	0	; select bank0
  1704     014B  1118               	bcf	24,2	;volatile
  1705     014C                     l183:
  1706     014C  3015               	movlw	21
  1707     014D                     u807:
  1708     014D  0B89               	decfsz	9,f
  1709     014E  294D               	goto	u807
  1710     014F  0000               	nop
  1711     0150                     l821:
  1712     0150  0140               	movlb	0	; select bank0
  1713     0151  1518               	bsf	24,2	;volatile
  1714     0152                     l185:
  1715     0152  300A               	movlw	10
  1716     0153                     u817:
  1717     0153  0B89               	decfsz	9,f
  1718     0154  2953               	goto	u817
  1719     0155  3200               	nop2
  1720     0156                     l823:
  1721     0156  0140               	movlb	0	; select bank0
  1722     0157  1118               	bcf	24,2	;volatile
  1723     0158                     l187:
  1724     0158  300A               	movlw	10
  1725     0159                     u827:
  1726     0159  0B89               	decfsz	9,f
  1727     015A  2959               	goto	u827
  1728     015B  3200               	nop2
  1729     015C                     l188:
  1730     015C  0008               	return
  1731     015D                     __end_of_write_brightness_start:
  1732                           
  1733                           	psect	text3
  1734     023D                     __ptext3:	
  1735 ;; *************** function _SYSTEM_Initialize *****************
  1736 ;; Defined at:
  1737 ;;		line 40 in file "mcc_generated_files/system/src/system.c"
  1738 ;; Parameters:    Size  Location     Type
  1739 ;;		None
  1740 ;; Auto vars:     Size  Location     Type
  1741 ;;		None
  1742 ;; Return value:  Size  Location     Type
  1743 ;;                  1    wreg      void 
  1744 ;; Registers used:
  1745 ;;		wreg, status,2, status,0, pclath, cstack
  1746 ;; Tracked objects:
  1747 ;;		On entry : 0/0
  1748 ;;		On exit  : 0/0
  1749 ;;		Unchanged: 0/0
  1750 ;; Data sizes:     COMMON   BANK0   BANK1   BANK2
  1751 ;;      Params:         0       0       0       0
  1752 ;;      Locals:         0       0       0       0
  1753 ;;      Temps:          0       0       0       0
  1754 ;;      Totals:         0       0       0       0
  1755 ;;Total ram usage:        0 bytes
  1756 ;; Hardware stack levels used: 1
  1757 ;; Hardware stack levels required when called: 6
  1758 ;; This function calls:
  1759 ;;		_CLOCK_Initialize
  1760 ;;		_INTERRUPT_Initialize
  1761 ;;		_PIN_MANAGER_Initialize
  1762 ;; This function is called by:
  1763 ;;		_main
  1764 ;; This function uses a non-reentrant model
  1765 ;;
  1766                           
  1767     023D                     _SYSTEM_Initialize:	
  1768                           ;psect for function _SYSTEM_Initialize
  1769                           
  1770     023D                     l1025:	
  1771                           ;incstack = 0
  1772                           ; Regs used in _SYSTEM_Initialize: [wreg+status,2+status,0+pclath+cstack]
  1773                           
  1774                           
  1775                           ;mcc_generated_files/system/src/system.c: 42:     CLOCK_Initialize();
  1776     023D  3182  2259  3182   	fcall	_CLOCK_Initialize
  1777     0240                     l1027:
  1778                           
  1779                           ;mcc_generated_files/system/src/system.c: 43:     PIN_MANAGER_Initialize();
  1780     0240  3181  21CD  3182   	fcall	_PIN_MANAGER_Initialize
  1781     0243                     l1029:
  1782                           
  1783                           ;mcc_generated_files/system/src/system.c: 44:     INTERRUPT_Initialize();
  1784     0243  3182  2223  3182   	fcall	_INTERRUPT_Initialize
  1785     0246                     l18:
  1786     0246  0008               	return
  1787     0247                     __end_of_SYSTEM_Initialize:
  1788                           
  1789                           	psect	text4
  1790     01CD                     __ptext4:	
  1791 ;; *************** function _PIN_MANAGER_Initialize *****************
  1792 ;; Defined at:
  1793 ;;		line 40 in file "mcc_generated_files/system/src/pins.c"
  1794 ;; Parameters:    Size  Location     Type
  1795 ;;		None
  1796 ;; Auto vars:     Size  Location     Type
  1797 ;;		None
  1798 ;; Return value:  Size  Location     Type
  1799 ;;                  1    wreg      void 
  1800 ;; Registers used:
  1801 ;;		wreg, status,2, status,0, pclath, cstack
  1802 ;; Tracked objects:
  1803 ;;		On entry : 0/0
  1804 ;;		On exit  : 0/0
  1805 ;;		Unchanged: 0/0
  1806 ;; Data sizes:     COMMON   BANK0   BANK1   BANK2
  1807 ;;      Params:         0       0       0       0
  1808 ;;      Locals:         0       0       0       0
  1809 ;;      Temps:          0       0       0       0
  1810 ;;      Totals:         0       0       0       0
  1811 ;;Total ram usage:        0 bytes
  1812 ;; Hardware stack levels used: 1
  1813 ;; Hardware stack levels required when called: 5
  1814 ;; This function calls:
  1815 ;;		_CHARGING_N_SetInterruptHandler
  1816 ;;		_SWITCH_N_SetInterruptHandler
  1817 ;; This function is called by:
  1818 ;;		_SYSTEM_Initialize
  1819 ;; This function uses a non-reentrant model
  1820 ;;
  1821                           
  1822     01CD                     _PIN_MANAGER_Initialize:	
  1823                           ;psect for function _PIN_MANAGER_Initialize
  1824                           
  1825     01CD                     l981:	
  1826                           ;incstack = 0
  1827                           ; Regs used in _PIN_MANAGER_Initialize: [wreg+status,2+status,0+pclath+cstack]
  1828                           
  1829                           
  1830                           ;mcc_generated_files/system/src/pins.c: 45:     LATA = 0x0;
  1831     01CD  0140               	movlb	0	; select bank0
  1832     01CE  0198               	clrf	24	;volatile
  1833     01CF                     l983:
  1834                           
  1835                           ;mcc_generated_files/system/src/pins.c: 50:     TRISA = 0x3B;
  1836     01CF  303B               	movlw	59
  1837     01D0  0092               	movwf	18	;volatile
  1838     01D1                     l985:
  1839                           
  1840                           ;mcc_generated_files/system/src/pins.c: 55:     ANSELA = 0x3;
  1841     01D1  3003               	movlw	3
  1842     01D2  017E               	movlb	62	; select bank62
  1843     01D3  00B8               	movwf	56	;volatile
  1844                           
  1845                           ;mcc_generated_files/system/src/pins.c: 60:     WPUA = 0x0;
  1846     01D4  01B9               	clrf	57	;volatile
  1847                           
  1848                           ;mcc_generated_files/system/src/pins.c: 66:     ODCONA = 0x0;
  1849     01D5  01BA               	clrf	58	;volatile
  1850     01D6                     l987:
  1851                           
  1852                           ;mcc_generated_files/system/src/pins.c: 70:     SLRCONA = 0x37;
  1853     01D6  3037               	movlw	55
  1854     01D7  00BB               	movwf	59	;volatile
  1855     01D8                     l989:
  1856                           
  1857                           ;mcc_generated_files/system/src/pins.c: 74:     INLVLA = 0x3F;
  1858     01D8  303F               	movlw	63
  1859     01D9  00BC               	movwf	60	;volatile
  1860     01DA                     l991:
  1861                           
  1862                           ;mcc_generated_files/system/src/pins.c: 79:     INTPPS = 0x5;
  1863     01DA  3005               	movlw	5
  1864     01DB  017D               	movlb	61	; select bank61
  1865     01DC  0090               	movwf	16	;volatile
  1866     01DD                     l993:
  1867                           
  1868                           ;mcc_generated_files/system/src/pins.c: 88:     IOCAP = 0x30;
  1869     01DD  3030               	movlw	48
  1870     01DE  017E               	movlb	62	; select bank62
  1871     01DF  00BD               	movwf	61	;volatile
  1872     01E0                     l995:
  1873                           
  1874                           ;mcc_generated_files/system/src/pins.c: 89:     IOCAN = 0x30;
  1875     01E0  3030               	movlw	48
  1876     01E1  00BE               	movwf	62	;volatile
  1877                           
  1878                           ;mcc_generated_files/system/src/pins.c: 90:     IOCAF = 0x0;
  1879     01E2  01BF               	clrf	63	;volatile
  1880     01E3                     l997:
  1881                           
  1882                           ;mcc_generated_files/system/src/pins.c: 92:     CHARGING_N_SetInterruptHandler(CHARGING_
      +                          N_DefaultInterruptHandler);
  1883     01E3  3066               	movlw	low _CHARGING_N_DefaultInterruptHandler
  1884     01E4  00F0               	movwf	CHARGING_N_SetInterruptHandler@InterruptHandler
  1885     01E5  3002               	movlw	high _CHARGING_N_DefaultInterruptHandler
  1886     01E6  00F1               	movwf	CHARGING_N_SetInterruptHandler@InterruptHandler+1
  1887     01E7  3182  224D  3181   	fcall	_CHARGING_N_SetInterruptHandler
  1888     01EA                     l999:
  1889                           
  1890                           ;mcc_generated_files/system/src/pins.c: 93:     SWITCH_N_SetInterruptHandler(SWITCH_N_De
      +                          faultInterruptHandler);
  1891     01EA  3065               	movlw	low _SWITCH_N_DefaultInterruptHandler
  1892     01EB  00F0               	movwf	SWITCH_N_SetInterruptHandler@InterruptHandler
  1893     01EC  3002               	movlw	high _SWITCH_N_DefaultInterruptHandler
  1894     01ED  00F1               	movwf	SWITCH_N_SetInterruptHandler@InterruptHandler+1
  1895     01EE  3182  2247  3181   	fcall	_SWITCH_N_SetInterruptHandler
  1896     01F1                     l1001:
  1897                           
  1898                           ;mcc_generated_files/system/src/pins.c: 96:     PIE0bits.IOCIE = 1;
  1899     01F1  014E               	movlb	14	; select bank14
  1900     01F2  1616               	bsf	22,4	;volatile
  1901     01F3                     l106:
  1902     01F3  0008               	return
  1903     01F4                     __end_of_PIN_MANAGER_Initialize:
  1904                           
  1905                           	psect	text5
  1906     0247                     __ptext5:	
  1907 ;; *************** function _SWITCH_N_SetInterruptHandler *****************
  1908 ;; Defined at:
  1909 ;;		line 161 in file "mcc_generated_files/system/src/pins.c"
  1910 ;; Parameters:    Size  Location     Type
  1911 ;;  InterruptHan    2    0[COMMON] PTR FTN()void 
  1912 ;;		 -> SWITCH_N_DefaultInterruptHandler(1), 
  1913 ;; Auto vars:     Size  Location     Type
  1914 ;;		None
  1915 ;; Return value:  Size  Location     Type
  1916 ;;                  1    wreg      void 
  1917 ;; Registers used:
  1918 ;;		wreg
  1919 ;; Tracked objects:
  1920 ;;		On entry : 0/0
  1921 ;;		On exit  : 0/0
  1922 ;;		Unchanged: 0/0
  1923 ;; Data sizes:     COMMON   BANK0   BANK1   BANK2
  1924 ;;      Params:         2       0       0       0
  1925 ;;      Locals:         0       0       0       0
  1926 ;;      Temps:          0       0       0       0
  1927 ;;      Totals:         2       0       0       0
  1928 ;;Total ram usage:        2 bytes
  1929 ;; Hardware stack levels used: 1
  1930 ;; Hardware stack levels required when called: 4
  1931 ;; This function calls:
  1932 ;;		Nothing
  1933 ;; This function is called by:
  1934 ;;		_PIN_MANAGER_Initialize
  1935 ;; This function uses a non-reentrant model
  1936 ;;
  1937                           
  1938     0247                     _SWITCH_N_SetInterruptHandler:	
  1939                           ;psect for function _SWITCH_N_SetInterruptHandler
  1940                           
  1941     0247                     l979:	
  1942                           ;incstack = 0
  1943                           ; Regs used in _SWITCH_N_SetInterruptHandler: [wreg]
  1944                           
  1945                           
  1946                           ;mcc_generated_files/system/src/pins.c: 162:     SWITCH_N_InterruptHandler = InterruptHa
      +                          ndler;
  1947     0247  0871               	movf	SWITCH_N_SetInterruptHandler@InterruptHandler+1,w
  1948     0248  0140               	movlb	0	; select bank0
  1949     0249  00A1               	movwf	_SWITCH_N_InterruptHandler+1
  1950     024A  0870               	movf	SWITCH_N_SetInterruptHandler@InterruptHandler,w
  1951     024B  00A0               	movwf	_SWITCH_N_InterruptHandler
  1952     024C                     l128:
  1953     024C  0008               	return
  1954     024D                     __end_of_SWITCH_N_SetInterruptHandler:
  1955                           
  1956                           	psect	text6
  1957     024D                     __ptext6:	
  1958 ;; *************** function _CHARGING_N_SetInterruptHandler *****************
  1959 ;; Defined at:
  1960 ;;		line 131 in file "mcc_generated_files/system/src/pins.c"
  1961 ;; Parameters:    Size  Location     Type
  1962 ;;  InterruptHan    2    0[COMMON] PTR FTN()void 
  1963 ;;		 -> CHARGING_N_DefaultInterruptHandler(1), 
  1964 ;; Auto vars:     Size  Location     Type
  1965 ;;		None
  1966 ;; Return value:  Size  Location     Type
  1967 ;;                  1    wreg      void 
  1968 ;; Registers used:
  1969 ;;		wreg
  1970 ;; Tracked objects:
  1971 ;;		On entry : 0/0
  1972 ;;		On exit  : 0/0
  1973 ;;		Unchanged: 0/0
  1974 ;; Data sizes:     COMMON   BANK0   BANK1   BANK2
  1975 ;;      Params:         2       0       0       0
  1976 ;;      Locals:         0       0       0       0
  1977 ;;      Temps:          0       0       0       0
  1978 ;;      Totals:         2       0       0       0
  1979 ;;Total ram usage:        2 bytes
  1980 ;; Hardware stack levels used: 1
  1981 ;; Hardware stack levels required when called: 4
  1982 ;; This function calls:
  1983 ;;		Nothing
  1984 ;; This function is called by:
  1985 ;;		_PIN_MANAGER_Initialize
  1986 ;; This function uses a non-reentrant model
  1987 ;;
  1988                           
  1989     024D                     _CHARGING_N_SetInterruptHandler:	
  1990                           ;psect for function _CHARGING_N_SetInterruptHandler
  1991                           
  1992     024D                     l977:	
  1993                           ;incstack = 0
  1994                           ; Regs used in _CHARGING_N_SetInterruptHandler: [wreg]
  1995                           
  1996                           
  1997                           ;mcc_generated_files/system/src/pins.c: 132:     CHARGING_N_InterruptHandler = Interrupt
      +                          Handler;
  1998     024D  0871               	movf	CHARGING_N_SetInterruptHandler@InterruptHandler+1,w
  1999     024E  0140               	movlb	0	; select bank0
  2000     024F  00A3               	movwf	_CHARGING_N_InterruptHandler+1
  2001     0250  0870               	movf	CHARGING_N_SetInterruptHandler@InterruptHandler,w
  2002     0251  00A2               	movwf	_CHARGING_N_InterruptHandler
  2003     0252                     l118:
  2004     0252  0008               	return
  2005     0253                     __end_of_CHARGING_N_SetInterruptHandler:
  2006                           
  2007                           	psect	text7
  2008     0223                     __ptext7:	
  2009 ;; *************** function _INTERRUPT_Initialize *****************
  2010 ;; Defined at:
  2011 ;;		line 40 in file "mcc_generated_files/system/src/interrupt.c"
  2012 ;; Parameters:    Size  Location     Type
  2013 ;;		None
  2014 ;; Auto vars:     Size  Location     Type
  2015 ;;		None
  2016 ;; Return value:  Size  Location     Type
  2017 ;;                  1    wreg      void 
  2018 ;; Registers used:
  2019 ;;		wreg, status,2, status,0, pclath, cstack
  2020 ;; Tracked objects:
  2021 ;;		On entry : 0/0
  2022 ;;		On exit  : 0/0
  2023 ;;		Unchanged: 0/0
  2024 ;; Data sizes:     COMMON   BANK0   BANK1   BANK2
  2025 ;;      Params:         0       0       0       0
  2026 ;;      Locals:         0       0       0       0
  2027 ;;      Temps:          0       0       0       0
  2028 ;;      Totals:         0       0       0       0
  2029 ;;Total ram usage:        0 bytes
  2030 ;; Hardware stack levels used: 1
  2031 ;; Hardware stack levels required when called: 5
  2032 ;; This function calls:
  2033 ;;		_INT_SetInterruptHandler
  2034 ;; This function is called by:
  2035 ;;		_SYSTEM_Initialize
  2036 ;; This function uses a non-reentrant model
  2037 ;;
  2038                           
  2039     0223                     _INTERRUPT_Initialize:	
  2040                           ;psect for function _INTERRUPT_Initialize
  2041                           
  2042     0223                     l1003:	
  2043                           ;incstack = 0
  2044                           ; Regs used in _INTERRUPT_Initialize: [wreg+status,2+status,0+pclath+cstack]
  2045                           
  2046                           
  2047                           ;mcc_generated_files/system/src/interrupt.c: 44:     (PIR0bits.INTF = 0);
  2048     0223  014E               	movlb	14	; select bank14
  2049     0224  100C               	bcf	12,0	;volatile
  2050                           
  2051                           ;mcc_generated_files/system/src/interrupt.c: 45:     (INTCONbits.INTEDG = 1);
  2052     0225  140B               	bsf	11,0	;volatile
  2053     0226                     l1005:
  2054                           
  2055                           ;mcc_generated_files/system/src/interrupt.c: 47:     INT_SetInterruptHandler(INT_Default
      +                          InterruptHandler);
  2056     0226  3067               	movlw	low _INT_DefaultInterruptHandler
  2057     0227  00F0               	movwf	INT_SetInterruptHandler@InterruptHandler
  2058     0228  3002               	movlw	high _INT_DefaultInterruptHandler
  2059     0229  00F1               	movwf	INT_SetInterruptHandler@InterruptHandler+1
  2060     022A  3182  2253  3182   	fcall	_INT_SetInterruptHandler
  2061     022D                     l1007:
  2062                           
  2063                           ;mcc_generated_files/system/src/interrupt.c: 48:     (PIE0bits.INTE = 1);
  2064     022D  014E               	movlb	14	; select bank14
  2065     022E  1416               	bsf	22,0	;volatile
  2066     022F                     l39:
  2067     022F  0008               	return
  2068     0230                     __end_of_INTERRUPT_Initialize:
  2069                           
  2070                           	psect	text8
  2071     0253                     __ptext8:	
  2072 ;; *************** function _INT_SetInterruptHandler *****************
  2073 ;; Defined at:
  2074 ;;		line 94 in file "mcc_generated_files/system/src/interrupt.c"
  2075 ;; Parameters:    Size  Location     Type
  2076 ;;  InterruptHan    2    0[COMMON] PTR FTN()void 
  2077 ;;		 -> INT_DefaultInterruptHandler(1), 
  2078 ;; Auto vars:     Size  Location     Type
  2079 ;;		None
  2080 ;; Return value:  Size  Location     Type
  2081 ;;                  1    wreg      void 
  2082 ;; Registers used:
  2083 ;;		wreg
  2084 ;; Tracked objects:
  2085 ;;		On entry : 0/0
  2086 ;;		On exit  : 0/0
  2087 ;;		Unchanged: 0/0
  2088 ;; Data sizes:     COMMON   BANK0   BANK1   BANK2
  2089 ;;      Params:         2       0       0       0
  2090 ;;      Locals:         0       0       0       0
  2091 ;;      Temps:          0       0       0       0
  2092 ;;      Totals:         2       0       0       0
  2093 ;;Total ram usage:        2 bytes
  2094 ;; Hardware stack levels used: 1
  2095 ;; Hardware stack levels required when called: 4
  2096 ;; This function calls:
  2097 ;;		Nothing
  2098 ;; This function is called by:
  2099 ;;		_INTERRUPT_Initialize
  2100 ;; This function uses a non-reentrant model
  2101 ;;
  2102                           
  2103     0253                     _INT_SetInterruptHandler:	
  2104                           ;psect for function _INT_SetInterruptHandler
  2105                           
  2106     0253                     l975:	
  2107                           ;incstack = 0
  2108                           ; Regs used in _INT_SetInterruptHandler: [wreg]
  2109                           
  2110                           
  2111                           ;mcc_generated_files/system/src/interrupt.c: 95:     INT_InterruptHandler = InterruptHan
      +                          dler;
  2112     0253  0871               	movf	INT_SetInterruptHandler@InterruptHandler+1,w
  2113     0254  0140               	movlb	0	; select bank0
  2114     0255  00A5               	movwf	_INT_InterruptHandler+1
  2115     0256  0870               	movf	INT_SetInterruptHandler@InterruptHandler,w
  2116     0257  00A4               	movwf	_INT_InterruptHandler
  2117     0258                     l58:
  2118     0258  0008               	return
  2119     0259                     __end_of_INT_SetInterruptHandler:
  2120                           
  2121                           	psect	text9
  2122     0259                     __ptext9:	
  2123 ;; *************** function _CLOCK_Initialize *****************
  2124 ;; Defined at:
  2125 ;;		line 39 in file "mcc_generated_files/system/src/clock.c"
  2126 ;; Parameters:    Size  Location     Type
  2127 ;;		None
  2128 ;; Auto vars:     Size  Location     Type
  2129 ;;		None
  2130 ;; Return value:  Size  Location     Type
  2131 ;;                  1    wreg      void 
  2132 ;; Registers used:
  2133 ;;		status,2
  2134 ;; Tracked objects:
  2135 ;;		On entry : 0/0
  2136 ;;		On exit  : 0/0
  2137 ;;		Unchanged: 0/0
  2138 ;; Data sizes:     COMMON   BANK0   BANK1   BANK2
  2139 ;;      Params:         0       0       0       0
  2140 ;;      Locals:         0       0       0       0
  2141 ;;      Temps:          0       0       0       0
  2142 ;;      Totals:         0       0       0       0
  2143 ;;Total ram usage:        0 bytes
  2144 ;; Hardware stack levels used: 1
  2145 ;; Hardware stack levels required when called: 4
  2146 ;; This function calls:
  2147 ;;		Nothing
  2148 ;; This function is called by:
  2149 ;;		_SYSTEM_Initialize
  2150 ;; This function uses a non-reentrant model
  2151 ;;
  2152                           
  2153     0259                     _CLOCK_Initialize:	
  2154                           ;psect for function _CLOCK_Initialize
  2155                           
  2156     0259                     l735:	
  2157                           ;incstack = 0
  2158                           ; Regs used in _CLOCK_Initialize: [status,2]
  2159                           
  2160                           
  2161                           ;mcc_generated_files/system/src/clock.c: 41:     OSCEN = (0 << 0x6)
  2162     0259  0151               	movlb	17	; select bank17
  2163     025A  0191               	clrf	17	;volatile
  2164     025B                     l737:
  2165                           
  2166                           ;mcc_generated_files/system/src/clock.c: 45:     OSCFRQ = (5 << 0x0);
  2167     025B  3005               	movlw	5
  2168     025C  0093               	movwf	19	;volatile
  2169                           
  2170                           ;mcc_generated_files/system/src/clock.c: 46:     OSCTUNE = (0 << 0x0);
  2171     025D  0192               	clrf	18	;volatile
  2172     025E                     l9:
  2173     025E  0008               	return
  2174     025F                     __end_of_CLOCK_Initialize:
  2175                           
  2176                           	psect	intentry
  2177     0004                     __pintentry:	
  2178 ;; *************** function _INTERRUPT_InterruptManager *****************
  2179 ;; Defined at:
  2180 ;;		line 59 in file "mcc_generated_files/system/src/interrupt.c"
  2181 ;; Parameters:    Size  Location     Type
  2182 ;;		None
  2183 ;; Auto vars:     Size  Location     Type
  2184 ;;		None
  2185 ;; Return value:  Size  Location     Type
  2186 ;;                  1    wreg      void 
  2187 ;; Registers used:
  2188 ;;		wreg, status,2, status,0, pclath, cstack
  2189 ;; Tracked objects:
  2190 ;;		On entry : 0/0
  2191 ;;		On exit  : 0/0
  2192 ;;		Unchanged: 0/0
  2193 ;; Data sizes:     COMMON   BANK0   BANK1   BANK2
  2194 ;;      Params:         0       0       0       0
  2195 ;;      Locals:         0       0       0       0
  2196 ;;      Temps:          0       0       0       0
  2197 ;;      Totals:         0       0       0       0
  2198 ;;Total ram usage:        0 bytes
  2199 ;; Hardware stack levels used: 1
  2200 ;; Hardware stack levels required when called: 3
  2201 ;; This function calls:
  2202 ;;		_INT_ISR
  2203 ;;		_PIN_MANAGER_IOC
  2204 ;; This function is called by:
  2205 ;;		Interrupt level 1
  2206 ;; This function uses a non-reentrant model
  2207 ;;
  2208                           
  2209     0004                     _INTERRUPT_InterruptManager:
  2210                           
  2211                           ;incstack = 0
  2212     0004  147E               	bsf	int$flags,0	;set compiler interrupt flag (level 1)
  2213                           
  2214                           ; Regs used in _INTERRUPT_InterruptManager: [wreg+status,2+status,0+pclath+cstack]
  2215     0005  3180               	pagesel	$
  2216     0006  3000               	movlw	low ___int_sp
  2217     0007  0086               	movwf	6
  2218     0008  3000               	movlw	high ___int_sp
  2219     0009  0087               	movwf	7
  2220     000A                     i1l1043:
  2221                           
  2222                           ;mcc_generated_files/system/src/interrupt.c: 62:     if(PIE0bits.INTE == 1 && PIR0bits.I
      +                          NTF == 1)
  2223     000A  014E               	movlb	14	; select bank14
  2224     000B  1C16               	btfss	22,0	;volatile
  2225     000C  280E               	goto	u30_21
  2226     000D  280F               	goto	u30_20
  2227     000E                     u30_21:
  2228     000E  2817               	goto	i1l44
  2229     000F                     u30_20:
  2230     000F                     i1l1045:
  2231     000F  1C0C               	btfss	12,0	;volatile
  2232     0010  2812               	goto	u31_21
  2233     0011  2813               	goto	u31_20
  2234     0012                     u31_21:
  2235     0012  2817               	goto	i1l44
  2236     0013                     u31_20:
  2237     0013                     i1l1047:
  2238                           
  2239                           ;mcc_generated_files/system/src/interrupt.c: 63:     {;mcc_generated_files/system/src/in
      +                          terrupt.c: 64:         INT_ISR();
  2240     0013  3182  225F  3180   	fcall	_INT_ISR
  2241                           
  2242                           ;mcc_generated_files/system/src/interrupt.c: 65:     }
  2243     0016  2822               	goto	i1l48
  2244     0017                     i1l44:	
  2245                           ;mcc_generated_files/system/src/interrupt.c: 66:     else if(PIE0bits.IOCIE == 1 && PIR0
      +                          bits.IOCIF == 1)
  2246                           
  2247     0017  1E16               	btfss	22,4	;volatile
  2248     0018  281A               	goto	u32_21
  2249     0019  281B               	goto	u32_20
  2250     001A                     u32_21:
  2251     001A  2822               	goto	i1l48
  2252     001B                     u32_20:
  2253     001B                     i1l1049:
  2254     001B  1E0C               	btfss	12,4	;volatile
  2255     001C  281E               	goto	u33_21
  2256     001D  281F               	goto	u33_20
  2257     001E                     u33_21:
  2258     001E  2822               	goto	i1l48
  2259     001F                     u33_20:
  2260     001F                     i1l1051:
  2261                           
  2262                           ;mcc_generated_files/system/src/interrupt.c: 67:     {;mcc_generated_files/system/src/in
      +                          terrupt.c: 68:         PIN_MANAGER_IOC();
  2263     001F  3181  21F4  3180   	fcall	_PIN_MANAGER_IOC
  2264     0022                     i1l48:	
  2265                           ;mcc_generated_files/system/src/interrupt.c: 69:     }
  2266                           
  2267     0022  107E               	bcf	int$flags,0	;clear compiler interrupt flag (level 1)
  2268     0023  0009               	retfie
  2269     0024                     __end_of_INTERRUPT_InterruptManager:
  2270                           
  2271                           	psect	text11
  2272     01F4                     __ptext11:	
  2273 ;; *************** function _PIN_MANAGER_IOC *****************
  2274 ;; Defined at:
  2275 ;;		line 99 in file "mcc_generated_files/system/src/pins.c"
  2276 ;; Parameters:    Size  Location     Type
  2277 ;;		None
  2278 ;; Auto vars:     Size  Location     Type
  2279 ;;		None
  2280 ;; Return value:  Size  Location     Type
  2281 ;;                  1    wreg      void 
  2282 ;; Registers used:
  2283 ;;		wreg, status,2, status,0, pclath, cstack
  2284 ;; Tracked objects:
  2285 ;;		On entry : 0/0
  2286 ;;		On exit  : 0/0
  2287 ;;		Unchanged: 0/0
  2288 ;; Data sizes:     COMMON   BANK0   BANK1   BANK2
  2289 ;;      Params:         0       0       0       0
  2290 ;;      Locals:         0       0       0       0
  2291 ;;      Temps:          0       0       0       0
  2292 ;;      Totals:         0       0       0       0
  2293 ;;Total ram usage:        0 bytes
  2294 ;; Hardware stack levels used: 1
  2295 ;; Hardware stack levels required when called: 2
  2296 ;; This function calls:
  2297 ;;		_CHARGING_N_ISR
  2298 ;;		_SWITCH_N_ISR
  2299 ;; This function is called by:
  2300 ;;		_INTERRUPT_InterruptManager
  2301 ;; This function uses a non-reentrant model
  2302 ;;
  2303                           
  2304     01F4                     _PIN_MANAGER_IOC:	
  2305                           ;psect for function _PIN_MANAGER_IOC
  2306                           
  2307     01F4                     i1l1035:	
  2308                           ;incstack = 0
  2309                           ; Regs used in _PIN_MANAGER_IOC: [wreg+status,2+status,0+pclath+cstack]
  2310                           
  2311                           
  2312                           ;mcc_generated_files/system/src/pins.c: 102:     if(IOCAFbits.IOCAF4 == 1)
  2313     01F4  017E               	movlb	62	; select bank62
  2314     01F5  1E3F               	btfss	63,4	;volatile
  2315     01F6  29F8               	goto	u28_21
  2316     01F7  29F9               	goto	u28_20
  2317     01F8                     u28_21:
  2318     01F8  29FC               	goto	i1l1039
  2319     01F9                     u28_20:
  2320     01F9                     i1l1037:
  2321                           
  2322                           ;mcc_generated_files/system/src/pins.c: 103:     {;mcc_generated_files/system/src/pins.c
      +                          : 104:         CHARGING_N_ISR();
  2323     01F9  3182  2214  3181   	fcall	_CHARGING_N_ISR
  2324     01FC                     i1l1039:
  2325                           
  2326                           ;mcc_generated_files/system/src/pins.c: 107:     if(IOCAFbits.IOCAF5 == 1)
  2327     01FC  017E               	movlb	62	; select bank62
  2328     01FD  1EBF               	btfss	63,5	;volatile
  2329     01FE  2A00               	goto	u29_21
  2330     01FF  2A01               	goto	u29_20
  2331     0200                     u29_21:
  2332     0200  2A04               	goto	i1l111
  2333     0201                     u29_20:
  2334     0201                     i1l1041:
  2335                           
  2336                           ;mcc_generated_files/system/src/pins.c: 108:     {;mcc_generated_files/system/src/pins.c
      +                          : 109:         SWITCH_N_ISR();
  2337     0201  3182  2205  3181   	fcall	_SWITCH_N_ISR
  2338     0204                     i1l111:
  2339     0204  0008               	return
  2340     0205                     __end_of_PIN_MANAGER_IOC:
  2341                           
  2342                           	psect	text12
  2343     0205                     __ptext12:	
  2344 ;; *************** function _SWITCH_N_ISR *****************
  2345 ;; Defined at:
  2346 ;;		line 146 in file "mcc_generated_files/system/src/pins.c"
  2347 ;; Parameters:    Size  Location     Type
  2348 ;;		None
  2349 ;; Auto vars:     Size  Location     Type
  2350 ;;		None
  2351 ;; Return value:  Size  Location     Type
  2352 ;;                  1    wreg      void 
  2353 ;; Registers used:
  2354 ;;		wreg, status,2, status,0, pclath, cstack
  2355 ;; Tracked objects:
  2356 ;;		On entry : 0/0
  2357 ;;		On exit  : 0/0
  2358 ;;		Unchanged: 0/0
  2359 ;; Data sizes:     COMMON   BANK0   BANK1   BANK2
  2360 ;;      Params:         0       0       0       0
  2361 ;;      Locals:         0       0       0       0
  2362 ;;      Temps:          0       0       0       0
  2363 ;;      Totals:         0       0       0       0
  2364 ;;Total ram usage:        0 bytes
  2365 ;; Hardware stack levels used: 1
  2366 ;; Hardware stack levels required when called: 1
  2367 ;; This function calls:
  2368 ;;		NULL
  2369 ;;		_SWITCH_N_DefaultInterruptHandler
  2370 ;; This function is called by:
  2371 ;;		_PIN_MANAGER_IOC
  2372 ;; This function uses a non-reentrant model
  2373 ;;
  2374                           
  2375     0205                     _SWITCH_N_ISR:	
  2376                           ;psect for function _SWITCH_N_ISR
  2377                           
  2378     0205                     i1l1019:	
  2379                           ;incstack = 0
  2380                           ; Regs used in _SWITCH_N_ISR: [wreg+status,2+status,0+pclath+cstack]
  2381                           
  2382                           
  2383                           ;mcc_generated_files/system/src/pins.c: 151:     if(SWITCH_N_InterruptHandler)
  2384     0205  0140               	movlb	0	; select bank0
  2385     0206  0820               	movf	_SWITCH_N_InterruptHandler,w
  2386     0207  0421               	iorwf	_SWITCH_N_InterruptHandler+1,w
  2387     0208  1903               	btfsc	3,2
  2388     0209  2A0B               	goto	u27_21
  2389     020A  2A0C               	goto	u27_20
  2390     020B                     u27_21:
  2391     020B  2A11               	goto	i1l1023
  2392     020C                     u27_20:
  2393     020C                     i1l1021:
  2394                           
  2395                           ;mcc_generated_files/system/src/pins.c: 152:     {;mcc_generated_files/system/src/pins.c
      +                          : 153:         SWITCH_N_InterruptHandler();
  2396     020C  0821               	movf	_SWITCH_N_InterruptHandler+1,w
  2397     020D  008A               	movwf	10
  2398     020E  0820               	movf	_SWITCH_N_InterruptHandler,w
  2399     020F  000A               	callw
  2400     0210  3182               	pagesel	$
  2401     0211                     i1l1023:
  2402                           
  2403                           ;mcc_generated_files/system/src/pins.c: 155:     IOCAFbits.IOCAF5 = 0;
  2404     0211  017E               	movlb	62	; select bank62
  2405     0212  12BF               	bcf	63,5	;volatile
  2406     0213                     i1l125:
  2407     0213  0008               	return
  2408     0214                     __end_of_SWITCH_N_ISR:
  2409                           
  2410                           	psect	text13
  2411     0265                     __ptext13:	
  2412 ;; *************** function _SWITCH_N_DefaultInterruptHandler *****************
  2413 ;; Defined at:
  2414 ;;		line 168 in file "mcc_generated_files/system/src/pins.c"
  2415 ;; Parameters:    Size  Location     Type
  2416 ;;		None
  2417 ;; Auto vars:     Size  Location     Type
  2418 ;;		None
  2419 ;; Return value:  Size  Location     Type
  2420 ;;                  1    wreg      void 
  2421 ;; Registers used:
  2422 ;;		None
  2423 ;; Tracked objects:
  2424 ;;		On entry : 0/0
  2425 ;;		On exit  : 0/0
  2426 ;;		Unchanged: 0/0
  2427 ;; Data sizes:     COMMON   BANK0   BANK1   BANK2
  2428 ;;      Params:         0       0       0       0
  2429 ;;      Locals:         0       0       0       0
  2430 ;;      Temps:          0       0       0       0
  2431 ;;      Totals:         0       0       0       0
  2432 ;;Total ram usage:        0 bytes
  2433 ;; Hardware stack levels used: 1
  2434 ;; This function calls:
  2435 ;;		Nothing
  2436 ;; This function is called by:
  2437 ;;		_PIN_MANAGER_Initialize
  2438 ;;		_SWITCH_N_ISR
  2439 ;; This function uses a non-reentrant model
  2440 ;;
  2441                           
  2442     0265                     _SWITCH_N_DefaultInterruptHandler:	
  2443                           ;psect for function _SWITCH_N_DefaultInterruptHandler
  2444                           
  2445     0265                     i1l131:	
  2446                           ;incstack = 0
  2447                           ; Regs used in _SWITCH_N_DefaultInterruptHandler: []
  2448                           
  2449     0265  0008               	return
  2450     0266                     __end_of_SWITCH_N_DefaultInterruptHandler:
  2451                           
  2452                           	psect	text14
  2453     0214                     __ptext14:	
  2454 ;; *************** function _CHARGING_N_ISR *****************
  2455 ;; Defined at:
  2456 ;;		line 116 in file "mcc_generated_files/system/src/pins.c"
  2457 ;; Parameters:    Size  Location     Type
  2458 ;;		None
  2459 ;; Auto vars:     Size  Location     Type
  2460 ;;		None
  2461 ;; Return value:  Size  Location     Type
  2462 ;;                  1    wreg      void 
  2463 ;; Registers used:
  2464 ;;		wreg, status,2, status,0, pclath, cstack
  2465 ;; Tracked objects:
  2466 ;;		On entry : 0/0
  2467 ;;		On exit  : 0/0
  2468 ;;		Unchanged: 0/0
  2469 ;; Data sizes:     COMMON   BANK0   BANK1   BANK2
  2470 ;;      Params:         0       0       0       0
  2471 ;;      Locals:         0       0       0       0
  2472 ;;      Temps:          0       0       0       0
  2473 ;;      Totals:         0       0       0       0
  2474 ;;Total ram usage:        0 bytes
  2475 ;; Hardware stack levels used: 1
  2476 ;; Hardware stack levels required when called: 1
  2477 ;; This function calls:
  2478 ;;		NULL
  2479 ;;		_CHARGING_N_DefaultInterruptHandler
  2480 ;; This function is called by:
  2481 ;;		_PIN_MANAGER_IOC
  2482 ;; This function uses a non-reentrant model
  2483 ;;
  2484                           
  2485     0214                     _CHARGING_N_ISR:	
  2486                           ;psect for function _CHARGING_N_ISR
  2487                           
  2488     0214                     i1l1013:	
  2489                           ;incstack = 0
  2490                           ; Regs used in _CHARGING_N_ISR: [wreg+status,2+status,0+pclath+cstack]
  2491                           
  2492                           
  2493                           ;mcc_generated_files/system/src/pins.c: 121:     if(CHARGING_N_InterruptHandler)
  2494     0214  0140               	movlb	0	; select bank0
  2495     0215  0822               	movf	_CHARGING_N_InterruptHandler,w
  2496     0216  0423               	iorwf	_CHARGING_N_InterruptHandler+1,w
  2497     0217  1903               	btfsc	3,2
  2498     0218  2A1A               	goto	u26_21
  2499     0219  2A1B               	goto	u26_20
  2500     021A                     u26_21:
  2501     021A  2A20               	goto	i1l1017
  2502     021B                     u26_20:
  2503     021B                     i1l1015:
  2504                           
  2505                           ;mcc_generated_files/system/src/pins.c: 122:     {;mcc_generated_files/system/src/pins.c
      +                          : 123:         CHARGING_N_InterruptHandler();
  2506     021B  0823               	movf	_CHARGING_N_InterruptHandler+1,w
  2507     021C  008A               	movwf	10
  2508     021D  0822               	movf	_CHARGING_N_InterruptHandler,w
  2509     021E  000A               	callw
  2510     021F  3182               	pagesel	$
  2511     0220                     i1l1017:
  2512                           
  2513                           ;mcc_generated_files/system/src/pins.c: 125:     IOCAFbits.IOCAF4 = 0;
  2514     0220  017E               	movlb	62	; select bank62
  2515     0221  123F               	bcf	63,4	;volatile
  2516     0222                     i1l115:
  2517     0222  0008               	return
  2518     0223                     __end_of_CHARGING_N_ISR:
  2519                           
  2520                           	psect	text15
  2521     0266                     __ptext15:	
  2522 ;; *************** function _CHARGING_N_DefaultInterruptHandler *****************
  2523 ;; Defined at:
  2524 ;;		line 138 in file "mcc_generated_files/system/src/pins.c"
  2525 ;; Parameters:    Size  Location     Type
  2526 ;;		None
  2527 ;; Auto vars:     Size  Location     Type
  2528 ;;		None
  2529 ;; Return value:  Size  Location     Type
  2530 ;;                  1    wreg      void 
  2531 ;; Registers used:
  2532 ;;		None
  2533 ;; Tracked objects:
  2534 ;;		On entry : 0/0
  2535 ;;		On exit  : 0/0
  2536 ;;		Unchanged: 0/0
  2537 ;; Data sizes:     COMMON   BANK0   BANK1   BANK2
  2538 ;;      Params:         0       0       0       0
  2539 ;;      Locals:         0       0       0       0
  2540 ;;      Temps:          0       0       0       0
  2541 ;;      Totals:         0       0       0       0
  2542 ;;Total ram usage:        0 bytes
  2543 ;; Hardware stack levels used: 1
  2544 ;; This function calls:
  2545 ;;		Nothing
  2546 ;; This function is called by:
  2547 ;;		_PIN_MANAGER_Initialize
  2548 ;;		_CHARGING_N_ISR
  2549 ;; This function uses a non-reentrant model
  2550 ;;
  2551                           
  2552     0266                     _CHARGING_N_DefaultInterruptHandler:	
  2553                           ;psect for function _CHARGING_N_DefaultInterruptHandler
  2554                           
  2555     0266                     i1l121:	
  2556                           ;incstack = 0
  2557                           ; Regs used in _CHARGING_N_DefaultInterruptHandler: []
  2558                           
  2559     0266  0008               	return
  2560     0267                     __end_of_CHARGING_N_DefaultInterruptHandler:
  2561                           
  2562                           	psect	text16
  2563     025F                     __ptext16:	
  2564 ;; *************** function _INT_ISR *****************
  2565 ;; Defined at:
  2566 ;;		line 76 in file "mcc_generated_files/system/src/interrupt.c"
  2567 ;; Parameters:    Size  Location     Type
  2568 ;;		None
  2569 ;; Auto vars:     Size  Location     Type
  2570 ;;		None
  2571 ;; Return value:  Size  Location     Type
  2572 ;;                  1    wreg      void 
  2573 ;; Registers used:
  2574 ;;		wreg, status,2, status,0, pclath, cstack
  2575 ;; Tracked objects:
  2576 ;;		On entry : 0/0
  2577 ;;		On exit  : 0/0
  2578 ;;		Unchanged: 0/0
  2579 ;; Data sizes:     COMMON   BANK0   BANK1   BANK2
  2580 ;;      Params:         0       0       0       0
  2581 ;;      Locals:         0       0       0       0
  2582 ;;      Temps:          0       0       0       0
  2583 ;;      Totals:         0       0       0       0
  2584 ;;Total ram usage:        0 bytes
  2585 ;; Hardware stack levels used: 1
  2586 ;; Hardware stack levels required when called: 2
  2587 ;; This function calls:
  2588 ;;		_INT_CallBack
  2589 ;; This function is called by:
  2590 ;;		_INTERRUPT_InterruptManager
  2591 ;; This function uses a non-reentrant model
  2592 ;;
  2593                           
  2594     025F                     _INT_ISR:	
  2595                           ;psect for function _INT_ISR
  2596                           
  2597     025F                     i1l1031:	
  2598                           ;incstack = 0
  2599                           ; Regs used in _INT_ISR: [wreg+status,2+status,0+pclath+cstack]
  2600                           
  2601                           
  2602                           ;mcc_generated_files/system/src/interrupt.c: 78:     (PIR0bits.INTF = 0);
  2603     025F  014E               	movlb	14	; select bank14
  2604     0260  100C               	bcf	12,0	;volatile
  2605     0261                     i1l1033:
  2606                           
  2607                           ;mcc_generated_files/system/src/interrupt.c: 81:     INT_CallBack();
  2608     0261  3182  2230  3182   	fcall	_INT_CallBack
  2609     0264                     i1l51:
  2610     0264  0008               	return
  2611     0265                     __end_of_INT_ISR:
  2612                           
  2613                           	psect	text17
  2614     0230                     __ptext17:	
  2615 ;; *************** function _INT_CallBack *****************
  2616 ;; Defined at:
  2617 ;;		line 85 in file "mcc_generated_files/system/src/interrupt.c"
  2618 ;; Parameters:    Size  Location     Type
  2619 ;;		None
  2620 ;; Auto vars:     Size  Location     Type
  2621 ;;		None
  2622 ;; Return value:  Size  Location     Type
  2623 ;;                  1    wreg      void 
  2624 ;; Registers used:
  2625 ;;		wreg, status,2, status,0, pclath, cstack
  2626 ;; Tracked objects:
  2627 ;;		On entry : 0/0
  2628 ;;		On exit  : 0/0
  2629 ;;		Unchanged: 0/0
  2630 ;; Data sizes:     COMMON   BANK0   BANK1   BANK2
  2631 ;;      Params:         0       0       0       0
  2632 ;;      Locals:         0       0       0       0
  2633 ;;      Temps:          0       0       0       0
  2634 ;;      Totals:         0       0       0       0
  2635 ;;Total ram usage:        0 bytes
  2636 ;; Hardware stack levels used: 1
  2637 ;; Hardware stack levels required when called: 1
  2638 ;; This function calls:
  2639 ;;		NULL
  2640 ;;		_INT_DefaultInterruptHandler
  2641 ;; This function is called by:
  2642 ;;		_INT_ISR
  2643 ;; This function uses a non-reentrant model
  2644 ;;
  2645                           
  2646     0230                     _INT_CallBack:	
  2647                           ;psect for function _INT_CallBack
  2648                           
  2649     0230                     i1l1009:	
  2650                           ;incstack = 0
  2651                           ; Regs used in _INT_CallBack: [wreg+status,2+status,0+pclath+cstack]
  2652                           
  2653                           
  2654                           ;mcc_generated_files/system/src/interrupt.c: 88:     if(INT_InterruptHandler)
  2655     0230  0140               	movlb	0	; select bank0
  2656     0231  0824               	movf	_INT_InterruptHandler,w
  2657     0232  0425               	iorwf	_INT_InterruptHandler+1,w
  2658     0233  1903               	btfsc	3,2
  2659     0234  2A36               	goto	u25_21
  2660     0235  2A37               	goto	u25_20
  2661     0236                     u25_21:
  2662     0236  2A3C               	goto	i1l55
  2663     0237                     u25_20:
  2664     0237                     i1l1011:
  2665                           
  2666                           ;mcc_generated_files/system/src/interrupt.c: 89:     {;mcc_generated_files/system/src/in
      +                          terrupt.c: 90:         INT_InterruptHandler();
  2667     0237  0825               	movf	_INT_InterruptHandler+1,w
  2668     0238  008A               	movwf	10
  2669     0239  0824               	movf	_INT_InterruptHandler,w
  2670     023A  000A               	callw
  2671     023B  3182               	pagesel	$
  2672     023C                     i1l55:
  2673     023C  0008               	return
  2674     023D                     __end_of_INT_CallBack:
  2675                           
  2676                           	psect	text18
  2677     0267                     __ptext18:	
  2678 ;; *************** function _INT_DefaultInterruptHandler *****************
  2679 ;; Defined at:
  2680 ;;		line 98 in file "mcc_generated_files/system/src/interrupt.c"
  2681 ;; Parameters:    Size  Location     Type
  2682 ;;		None
  2683 ;; Auto vars:     Size  Location     Type
  2684 ;;		None
  2685 ;; Return value:  Size  Location     Type
  2686 ;;                  1    wreg      void 
  2687 ;; Registers used:
  2688 ;;		None
  2689 ;; Tracked objects:
  2690 ;;		On entry : 0/0
  2691 ;;		On exit  : 0/0
  2692 ;;		Unchanged: 0/0
  2693 ;; Data sizes:     COMMON   BANK0   BANK1   BANK2
  2694 ;;      Params:         0       0       0       0
  2695 ;;      Locals:         0       0       0       0
  2696 ;;      Temps:          0       0       0       0
  2697 ;;      Totals:         0       0       0       0
  2698 ;;Total ram usage:        0 bytes
  2699 ;; Hardware stack levels used: 1
  2700 ;; This function calls:
  2701 ;;		Nothing
  2702 ;; This function is called by:
  2703 ;;		_INTERRUPT_Initialize
  2704 ;;		_INT_CallBack
  2705 ;; This function uses a non-reentrant model
  2706 ;;
  2707                           
  2708     0267                     _INT_DefaultInterruptHandler:	
  2709                           ;psect for function _INT_DefaultInterruptHandler
  2710                           
  2711     0267                     i1l61:	
  2712                           ;incstack = 0
  2713                           ; Regs used in _INT_DefaultInterruptHandler: []
  2714                           
  2715     0267  0008               	return
  2716     0268                     __end_of_INT_DefaultInterruptHandler:
  2717     0000                     ___latbits      equ	0
  2718     007E                     btemp           set	126	;btemp
  2719     007E                     int$flags       set	126
  2720     007E                     btemp0          set	126
  2721     007F                     btemp1          set	127
  2722     007E                     wtemp0          set	126
  2723     007F                     wtemp0a         set	127
  2724     007F                     ttemp0a         set	127
  2725     0080                     ltemp0a         set	128
  2726                           
  2727                           	psect	config
  2728                           
  2729                           ;Config register CONFIG1 @ 0x8007
  2730                           ;	External Oscillator Mode Selection bits
  2731                           ;	FEXTOSC = OFF, Oscillator not enabled
  2732                           ;	Power-up Default Value for COSC bits
  2733                           ;	RSTOSC = HFINTOSC_32MHZ, HFINTOSC (32 MHz)
  2734                           ;	Clock Out Enable bit
  2735                           ;	CLKOUTEN = OFF, CLKOUT function is disabled; I/O function on RA4
  2736                           ;	VDD Range Analog Calibration Selection bit
  2737                           ;	VDDAR = HI, Internal analog systems are calibrated for operation between VDD = 2.3V - 
      +                          5.5V
  2738     8007                     	org	32775
  2739     8007  3FCD               	dw	16333
  2740                           
  2741                           ;Config register CONFIG2 @ 0x8008
  2742                           ;	Master Clear Enable bit
  2743                           ;	MCLRE = EXTMCLR, If LVP = 0, MCLR pin is MCLR; If LVP = 1, RA3 pin function is MCLR
  2744                           ;	Power-up Timer Selection bits
  2745                           ;	PWRTS = PWRT_OFF, PWRT is disabled
  2746                           ;	WDT Operating Mode bits
  2747                           ;	WDTE = OFF, WDT disabled; SEN is ignored
  2748                           ;	Brown-out Reset Enable bits
  2749                           ;	BOREN = ON, Brown-out Reset Enabled, SBOREN bit is ignored
  2750                           ;	Brown-out Reset Voltage Selection bit
  2751                           ;	BORV = LO, Brown-out Reset Voltage (VBOR) set to 1.9V
  2752                           ;	PPSLOCKED One-Way Set Enable bit
  2753                           ;	PPS1WAY = ON, The PPSLOCKED bit can be set once after an unlocking sequence is execute
      +                          d; once PPSLOCKED is set, all future changes to PPS registers are prevented
  2754                           ;	Stack Overflow/Underflow Reset Enable bit
  2755                           ;	STVREN = ON, Stack Overflow or Underflow will cause a reset
  2756     8008                     	org	32776
  2757     8008  3FE7               	dw	16359
  2758                           
  2759                           ;Config register CONFIG4 @ 0x800A
  2760                           ;	Boot Block Size Selection bits
  2761                           ;	BBSIZE = BB512, 512 words boot block size
  2762                           ;	Boot Block Enable bit
  2763                           ;	BBEN = OFF, Boot Block is disabled
  2764                           ;	SAF Enable bit
  2765                           ;	SAFEN = OFF, SAF is disabled
  2766                           ;	Application Block Write Protection bit
  2767                           ;	WRTAPP = OFF, Application Block is not write-protected
  2768                           ;	Boot Block Write Protection bit
  2769                           ;	WRTB = OFF, Boot Block is not write-protected
  2770                           ;	Configuration Registers Write Protection bit
  2771                           ;	WRTC = OFF, Configuration Registers are not write-protected
  2772                           ;	Storage Area Flash (SAF) Write Protection bit
  2773                           ;	WRTSAF = OFF, SAF is not write-protected
  2774                           ;	Low Voltage Programming Enable bit
  2775                           ;	LVP = ON, Low Voltage programming enabled. MCLR/Vpp pin function is MCLR. MCLRE Config
      +                          uration bit is ignored.
  2776     800A                     	org	32778
  2777     800A  3FFF               	dw	16383
  2778                           
  2779                           ;Config register CONFIG5 @ 0x800B
  2780                           ;	User Program Flash Memory Code Protection bit
  2781                           ;	CP = OFF, User Program Flash Memory code protection is disabled
  2782     800B                     	org	32779
  2783     800B  3FFF               	dw	16383

Data Sizes:
    Strings     0
    Constant    0
    Data        0
    BSS         0
    Persistent  54
    Stack       0

Auto Spaces:
    Space          Size  Autos    Used
    COMMON           14     13      13
    BANK0            80      0       6
    BANK1            80      0       0
    BANK2            80      0       0

Pointer List with Targets:

    CHARGING_N_InterruptHandler	PTR FTN()void  size(2) Largest target is 1
		 -> CHARGING_N_DefaultInterruptHandler(), NULL(), 

    CHARGING_N_SetInterruptHandler@InterruptHandler	PTR FTN()void  size(2) Largest target is 1
		 -> CHARGING_N_DefaultInterruptHandler(), 

    INT_InterruptHandler	PTR FTN()void  size(2) Largest target is 1
		 -> INT_DefaultInterruptHandler(), NULL(), 

    INT_SetInterruptHandler@InterruptHandler	PTR FTN()void  size(2) Largest target is 1
		 -> INT_DefaultInterruptHandler(), 

    SWITCH_N_InterruptHandler	PTR FTN()void  size(2) Largest target is 1
		 -> SWITCH_N_DefaultInterruptHandler(), NULL(), 

    SWITCH_N_SetInterruptHandler@InterruptHandler	PTR FTN()void  size(2) Largest target is 1
		 -> SWITCH_N_DefaultInterruptHandler(), 


Critical Paths under _main in COMMON

    _main->_write_brightness
    _write_brightness->_write_brightness_start
    _PIN_MANAGER_Initialize->_CHARGING_N_SetInterruptHandler
    _PIN_MANAGER_Initialize->_SWITCH_N_SetInterruptHandler
    _INTERRUPT_Initialize->_INT_SetInterruptHandler

Critical Paths under _INTERRUPT_InterruptManager in COMMON

    None.

Critical Paths under _main in BANK0

    None.

Critical Paths under _INTERRUPT_InterruptManager in BANK0

    None.

Critical Paths under _main in BANK1

    None.

Critical Paths under _INTERRUPT_InterruptManager in BANK1

    None.

Critical Paths under _main in BANK2

    None.

Critical Paths under _INTERRUPT_InterruptManager in BANK2

    None.

Call Graph Tables:

 ---------------------------------------------------------------------------------
 (Depth) Function   	        Calls       Base Space   Used Autos Params    Refs
 ---------------------------------------------------------------------------------
 (0) _main                                                 7     7      0     419
                                              6 COMMON     7     7      0
                  _SYSTEM_Initialize
                   _write_brightness
 ---------------------------------------------------------------------------------
 (1) _write_brightness                                     5     5      0      75
                                              1 COMMON     5     5      0
             _write_brightness_start
 ---------------------------------------------------------------------------------
 (2) _write_brightness_start                               1     1      0       0
                                              0 COMMON     1     1      0
 ---------------------------------------------------------------------------------
 (1) _SYSTEM_Initialize                                    0     0      0      69
                   _CLOCK_Initialize
               _INTERRUPT_Initialize
             _PIN_MANAGER_Initialize
 ---------------------------------------------------------------------------------
 (2) _PIN_MANAGER_Initialize                               0     0      0      46
     _CHARGING_N_SetInterruptHandler
       _SWITCH_N_SetInterruptHandler
 ---------------------------------------------------------------------------------
 (3) _SWITCH_N_SetInterruptHandler                         2     0      2      23
                                              0 COMMON     2     0      2
 ---------------------------------------------------------------------------------
 (3) _CHARGING_N_SetInterruptHandler                       2     0      2      23
                                              0 COMMON     2     0      2
 ---------------------------------------------------------------------------------
 (2) _INTERRUPT_Initialize                                 0     0      0      23
            _INT_SetInterruptHandler
 ---------------------------------------------------------------------------------
 (3) _INT_SetInterruptHandler                              2     0      2      23
                                              0 COMMON     2     0      2
 ---------------------------------------------------------------------------------
 (2) _CLOCK_Initialize                                     0     0      0       0
 ---------------------------------------------------------------------------------
 Estimated maximum stack depth 3
 ---------------------------------------------------------------------------------
 (Depth) Function   	        Calls       Base Space   Used Autos Params    Refs
 ---------------------------------------------------------------------------------
 (4) _INTERRUPT_InterruptManager                           0     0      0       0
                            _INT_ISR
                    _PIN_MANAGER_IOC
 ---------------------------------------------------------------------------------
 (5) _PIN_MANAGER_IOC                                      0     0      0       0
                     _CHARGING_N_ISR
                       _SWITCH_N_ISR
 ---------------------------------------------------------------------------------
 (6) _SWITCH_N_ISR                                         0     0      0       0
                                NULL *
   _SWITCH_N_DefaultInterruptHandler *
 ---------------------------------------------------------------------------------
 (7) _SWITCH_N_DefaultInterruptHandler                     0     0      0       0
 ---------------------------------------------------------------------------------
 (6) _CHARGING_N_ISR                                       0     0      0       0
                                NULL *
 _CHARGING_N_DefaultInterruptHandler *
 ---------------------------------------------------------------------------------
 (7) _CHARGING_N_DefaultInterruptHandler                   0     0      0       0
 ---------------------------------------------------------------------------------
 (5) _INT_ISR                                              0     0      0       0
                       _INT_CallBack
 ---------------------------------------------------------------------------------
 (6) _INT_CallBack                                         0     0      0       0
                                NULL *
        _INT_DefaultInterruptHandler *
 ---------------------------------------------------------------------------------
 (7) _INT_DefaultInterruptHandler                          0     0      0       0
 ---------------------------------------------------------------------------------
 (7) NULL(Fake)                                            0     0      0       0
 ---------------------------------------------------------------------------------
 Estimated maximum stack depth 7
 ---------------------------------------------------------------------------------

 Call Graph Graphs:

 _main (ROOT)
   _SYSTEM_Initialize
     _CLOCK_Initialize
     _INTERRUPT_Initialize
       _INT_SetInterruptHandler
     _PIN_MANAGER_Initialize
       _CHARGING_N_SetInterruptHandler
       _SWITCH_N_SetInterruptHandler
   _write_brightness
     _write_brightness_start

 _INTERRUPT_InterruptManager (ROOT)
   _INT_ISR
     _INT_CallBack
       NULL(Fake) *
       _INT_DefaultInterruptHandler *
   _PIN_MANAGER_IOC
     _CHARGING_N_ISR
       NULL(Fake) *
       _CHARGING_N_DefaultInterruptHandler *
     _SWITCH_N_ISR
       NULL(Fake) *
       _SWITCH_N_DefaultInterruptHandler *

Address spaces:
Name               Size   Autos  Total    Usage
BITCOMMON           14      0       0      0.0%
BITBANK0            80      0       0      0.0%
BITBANK1            80      0       0      0.0%
BITBANK2            80      0       0      0.0%
BIGRAM             240      0       0      0.0%
COMMON              14     13      13     92.9%
BANK0               80      0       6      7.5%
BANK1               80      0       0      0.0%
BANK2               80      0       0      0.0%
STACK                0      0       0      0.0%
DATA                 0      0      19      0.0%


Microchip Technology PIC Macro Assembler V3.10 build 20250813170317 
Symbol Table                                                                                   Sat May  2 14:51:58 2026

                                             l9 025E                                              l18 0246  
                                            l39 022F                                              l58 0258  
                                            u80 01A3                                              u64 0194  
                                            u81 01A2                                              u65 0193  
                                            u90 01C4                                              u74 019C  
                                            u91 01C3                                              u75 019B  
                                           l106 01F3                                             l211 01AB  
                                           l212 01BC                                             l221 01CC  
                                           l213 01B0                                             l118 0252  
                                           l151 00E9                                             l128 024C  
                                           l216 01B8                                             l208 01A3  
                                           l161 010A                                             l153 00F2  
                                           l217 01C4                                             l146 00D8  
                                           l226 0033                                             l171 0128  
                                           l163 0110                                             l155 00F8  
                                           l251 00C5                                             l228 003A  
                                           l181 0146                                             l173 012E  
                                           l165 0116                                             l157 00FE  
                                           l149 00E3                                             l183 014C  
                                           l175 0134                                             l167 011C  
                                           l159 0104                                             l239 009B  
                                           l185 0152                                             l177 013A  
                                           l169 0122                                             l187 0158  
                                           l179 0140                                             l188 015C  
                                           l801 0114                                             l811 0132  
                                           l803 011A                                             l821 0150  
                                           l813 0138                                             l805 0120  
                                           l735 0259                                             l823 0156  
                                           l815 013E                                             l807 0126  
                                           l737 025B                                             l817 0144  
                                           l809 012C                                             l819 014A  
                                           l851 0169                                             l843 015E  
                                           l861 0179                                             l853 016D  
                                           l845 0161                                             l791 00F6  
                                           l783 00DA                                             l871 0187  
                                           l863 017B                                             l855 016F  
                                           l847 0163                                             l793 00FC  
                                           l785 00E1                                             l881 01A5  
                                           l873 018B                                             l865 017F  
                                           l857 0173                                             l849 0167  
                                           l795 0102                                             l787 00E7  
                                           l891 01C6                                             l883 01A9  
                                           l867 0181                                             l859 0175  
                                           l981 01CD                                             l797 0108  
                                           l789 00F0                                             l893 01CA  
                                           l885 01B2                                             l869 0185  
                                           l975 0253                                             l991 01DA  
                                           l983 01CF                                             l799 010E  
                                           l887 01B6                                             l879 018F  
                                           l977 024D                                             l993 01DD  
                                           l985 01D1                                             l889 01C0  
                                           l979 0247                                             l995 01E0  
                                           l987 01D6                                             l997 01E3  
                                           l989 01D8                                             l999 01EA  
                                           u400 009B                                             u401 009A  
                                           u410 00A0                                             u411 009F  
                                           u420 00A5                                             u340 003A  
                                           u421 00A4                                             u405 0097  
                                           u341 0039                                             u430 00AD  
                                           u350 004D                                             u431 00AC  
                                           u351 004C                                             u440 00B2  
                                           u360 0054                                             u441 00B1  
                                           u361 0053                                             u370 005B  
                                           u507 0164                                             u371 005A  
                                           u380 0063                                             u517 016A  
                                           u381 0062                                             u390 007A  
                                           u607 01B9                                             u527 0170  
                                           u391 0079                                             u617 01C7  
                                           u537 0176                                             u457 0040  
                                           u707 0111                                             u627 00DD  
                                           u547 017C                                             u467 006E  
                                           u717 0117                                             u637 00E4  
                                           u557 0182                                             u477 0087  
                                           u807 014D                                             u727 011D  
                                           u647 00EC                                             u567 0188  
                                           u487 00BB                                             u817 0153  
                                           u737 0123                                             u657 00F3  
                                           u577 01A6                                             u497 00CB  
                                           u827 0159                                             u747 0129  
                                           u667 00F9                                             u587 01AC  
                                           u757 012F                                             u677 00FF  
                                           u597 01B3                                             u767 0135  
                                           u687 0105                                             u777 013B  
                                           u697 010B                                             u787 0141  
                                           u797 0147                                             wreg 0009  
                                          l1001 01F1                                            l1003 0223  
                                          l1005 0226                                            l1101 0090  
                                          l1007 022D                                            l1111 00AE  
                                          l1103 00A0                                            l1025 023D  
                                          l1121 00D2                                            l1113 00B2  
                                          l1105 00A5                                            l1027 0240  
                                          l1115 00B6                                            l1107 00A8  
                                          l1029 0243                                            l1117 00C2  
                                          l1109 00AD                                            l1061 002F  
                                          l1053 0028                                            l1119 00C6  
                                          l1071 0047                                            l1063 0031  
                                          l1055 002B                                            l1081 005B  
                                          l1073 004D                                            l1065 0034  
                                          l1057 002C                                            l1083 005E  
                                          l1075 004F                                            l1091 0075  
                                          l1067 0035                                            l1059 002D  
                                          l1085 0063                                            l1077 0054  
                                          l1069 003B                                            l1093 007B  
                                          l1095 0080                                            l1087 0065  
                                          l1079 0056                                            l1097 0084  
                                          l1089 0069                                            l1099 008C  
                                          _LATA 0018                                 __end_of_INT_ISR 0265  
                                          i1l51 0264                                            i1l44 0017  
                                          i1l61 0267                                            i1l55 023C  
                                          i1l48 0022                                            _WPUA 1F39  
                                          _main 0028                                            fsr1h 0007  
                                          fsr1l 0006                                            btemp 007E  
           __end_of_INT_DefaultInterruptHandler 0268                     _INT_DefaultInterruptHandler 0267  
                                          start 0024                 __end_of_INT_SetInterruptHandler 0259  
                      ??_write_brightness_start 0070                                           ?_main 0070  
                                         _IOCAF 1F3F                                           _IOCAN 1F3E  
                                         _IOCAP 1F3D                                           i1l111 0204  
                                         i1l121 0266                                           i1l115 0222  
                                         i1l131 0265                                           i1l125 0213  
                                         _OSCEN 0891                                           u30_20 000F  
                                         u30_21 000E                                           u31_20 0013  
                                         u31_21 0012                                           u32_20 001B  
                                         u32_21 001A                                           u25_20 0237  
                                         u33_20 001F                                           u25_21 0236  
                                         u33_21 001E                                           u26_20 021B  
                                         u26_21 021A                                           u27_20 020C  
                                         u27_21 020B                                           u28_20 01F9  
                                         u28_21 01F8                                           u29_20 0201  
                                         u29_21 0200                                           _TRISA 0012  
                       __end_of_PIN_MANAGER_IOC 0205                                           btemp0 007E  
                                         btemp1 007F                                           main@i 0078  
                                         pclath 000A                                _write_brightness 015D  
                                         status 0003                                           wtemp0 007E  
                  main@previous_charging_status 007A                                 __initialization 0025  
                                  __end_of_main 00D8                     ?_INTERRUPT_InterruptManager 0070  
                                        ??_main 0076                                       ??_INT_ISR 0070  
                                        _ANSELA 1F38                                          i1l1011 0237  
                                        i1l1013 0214                                          i1l1021 020C  
                                        i1l1031 025F                                          i1l1015 021B  
                                        i1l1023 0211                                          i1l1009 0230  
                                        i1l1033 0261                                          i1l1017 0220  
                                        i1l1041 0201                                          i1l1019 0205  
                                        i1l1035 01F4                                          i1l1051 001F  
                                        i1l1043 000A                                          i1l1037 01F9  
                                        i1l1045 000F                                          i1l1039 01FC  
                                        i1l1047 0013                                          i1l1049 001B  
                                        _ODCONA 1F3A                                          _INLVLA 1F3C  
                                        _INTPPS 1E90                                          _OSCFRQ 0893  
                             ?_CLOCK_Initialize 0070                                   ?_INT_CallBack 0070  
          __end_of_SWITCH_N_SetInterruptHandler 024D                    _SWITCH_N_SetInterruptHandler 0247  
                            ??_CLOCK_Initialize 0070                                          ltemp0a 0080  
                                        ttemp0a 007F    SWITCH_N_SetInterruptHandler@InterruptHandler 0070  
CHARGING_N_SetInterruptHandler@InterruptHandler 0070         INT_SetInterruptHandler@InterruptHandler 0070  
                              ?_PIN_MANAGER_IOC 0070                                          wtemp0a 007F  
        __end_of_CHARGING_N_SetInterruptHandler 0253                  _CHARGING_N_SetInterruptHandler 024D  
                             _SYSTEM_Initialize 023D                         __end_of__initialization 0025  
                            ?_SYSTEM_Initialize 0070                                  __pcstackCOMMON 0070  
                           ??_SYSTEM_Initialize 0072                       _SWITCH_N_InterruptHandler 0020  
                                ??_INT_CallBack 0070                       __end_of_SYSTEM_Initialize 0247  
                        _write_brightness_start 00D8                                  main@breathe_up 007B  
                                    __pmaintext 0028                                      __pintentry 0004  
                      __end_of_write_brightness 01CD                                         _INT_ISR 025F  
                                       _OSCTUNE 0892                                         _SLRCONA 1F3B  
                        main@current_brightness 007C        __end_of_SWITCH_N_DefaultInterruptHandler 0266  
            ??_SWITCH_N_DefaultInterruptHandler 0070               ?_SWITCH_N_DefaultInterruptHandler 0070  
              _SWITCH_N_DefaultInterruptHandler 0265                                         __ptext1 015D  
                                       __ptext2 00D8                                         __ptext3 023D  
                                       __ptext4 01CD                                         __ptext5 0247  
                                       __ptext6 024D                                         __ptext7 0223  
                                       __ptext8 0253                                         __ptext9 0259  
                   _CHARGING_N_InterruptHandler 0022                        ??_PIN_MANAGER_Initialize 0072  
                                     _IOCAFbits 1F3F                         _INT_SetInterruptHandler 0253  
                          end_of_initialization 0025                            __end_of_INT_CallBack 023D  
                                     _PORTAbits 000C                                  _CHARGING_N_ISR 0214  
                    write_brightness@brightness 0073                                   ?_SWITCH_N_ISR 0070  
                  __end_of_INTERRUPT_Initialize 0230                       ??_INT_SetInterruptHandler 0072  
                           start_initialization 0025                         ?_write_brightness_start 0070  
                        __end_of_CHARGING_N_ISR 0223                    ?_INT_DefaultInterruptHandler 0070  
                                ??_SWITCH_N_ISR 0070                               ?_write_brightness 0070  
                __end_of_write_brightness_start 015D                              ??_write_brightness 0071  
                                     ___latbits 0000                                        ?_INT_ISR 0070  
                               ?_CHARGING_N_ISR 0070                                       __pnvBANK0 0020  
                        _PIN_MANAGER_Initialize 01CD                   ??_INT_DefaultInterruptHandler 0070  
                  ??_INTERRUPT_InterruptManager 0070                                    _INT_CallBack 0230  
    __end_of_CHARGING_N_DefaultInterruptHandler 0267            ??_CHARGING_N_DefaultInterruptHandler 0070  
           ?_CHARGING_N_DefaultInterruptHandler 0070              _CHARGING_N_DefaultInterruptHandler 0266  
                 ?_SWITCH_N_SetInterruptHandler 0070                            _INTERRUPT_Initialize 0223  
                              _CLOCK_Initialize 0259                                        _LATAbits 0018  
                                      _PIE0bits 0716                                        _PIR0bits 070C  
                             ??_PIN_MANAGER_IOC 0070                            __end_of_SWITCH_N_ISR 0214  
                         ?_INTERRUPT_Initialize 0070                               write_brightness@i 0074  
                                      ___int_sp 0000                                        __ptext11 01F4  
                                      __ptext12 0205                                        __ptext13 0265  
                                      __ptext14 0214                                        __ptext15 0266  
                                      __ptext16 025F                                        __ptext17 0230  
                                      __ptext18 0267                  ??_SWITCH_N_SetInterruptHandler 0072  
                                      int$flags 007E              __end_of_INTERRUPT_InterruptManager 0024  
                    _INTERRUPT_InterruptManager 0004                                ??_CHARGING_N_ISR 0070  
                                    _INTCONbits 000B                            _INT_InterruptHandler 0024  
                        ??_INTERRUPT_Initialize 0072                                        intlevel1 0000  
                       ?_PIN_MANAGER_Initialize 0070                        ?_INT_SetInterruptHandler 0070  
              ??_CHARGING_N_SetInterruptHandler 0072                 ?_CHARGING_N_SetInterruptHandler 0070  
                      __end_of_CLOCK_Initialize 025F                  __end_of_PIN_MANAGER_Initialize 01F4  
                               _PIN_MANAGER_IOC 01F4                                    _SWITCH_N_ISR 0205  
